{
  "version": "1.1.1",
  "windows": {
    "main": {
      "main": true,
      "url": "app://editor/index.html",
      "windowType": "dockable",
      "x": -2,
      "y": 23,
      "width": 1920,
      "height": 976,
      "layout": {
        "children": [
          {
            "children": [
              {
                "active": 0,
                "children": [
                  "hierarchy"
                ],
                "height": 419,
                "type": "panel",
                "width": 302
              },
              {
                "active": 0,
                "children": [
                  "assets"
                ],
                "height": 473,
                "type": "panel",
                "width": 302
              }
            ],
            "height": 895,
            "type": "dock-v",
            "width": 302
          },
          {
            "children": [
              {
                "active": 0,
                "children": [
                  "scene"
                ],
                "height": 615.984375,
                "type": "panel",
                "width": 1166.984375
              },
              {
                "active": 0,
                "children": [
                  "console",
                  "timeline",
                  "game-window"
                ],
                "height": 276,
                "type": "panel",
                "width": 1166.984375
              }
            ],
            "height": 895,
            "type": "dock-v",
            "width": 1166.984375
          },
          {
            "active": 0,
            "children": [
              "inspector",
              "cocos-services"
            ],
            "height": 895,
            "type": "panel",
            "width": 445
          }
        ],
        "type": "dock-h"
      },
      "panels": [
        "hierarchy",
        "assets",
        "scene",
        "console",
        "timeline",
        "game-window",
        "inspector",
        "cocos-services"
      ]
    },
    "worker": {},
    "window-1603009225311": {}
  },
  "panels": {
    "preferences": {
      "x": 560,
      "y": 213,
      "width": 584,
      "height": 548
    },
    "project-settings": {
      "x": 560,
      "y": 213,
      "width": 584,
      "height": 548
    }
  },
  "panelLabelWidth": {
    "inspector": null
  },
  "panelLabelWidth.inspector": null
}
