[
  {
    "__type__": "cc.SceneAsset",
    "_name": "Step5",
    "_objFlags": 0,
    "_native": "",
    "scene": {
      "__id__": 1
    },
    "asyncLoadAssets": false
  },
  {
    "__type__": "cc.Scene",
    "_objFlags": 0,
    "_parent": null,
    "_children": [
      {
        "__id__": 2
      }
    ],
    "_active": true,
    "_components": [],
    "_prefab": null,
    "_opacity": 255,
    "_color": {
      "__type__": "cc.Color",
      "r": 255,
      "g": 255,
      "b": 255,
      "a": 255
    },
    "_contentSize": {
      "__type__": "cc.Size",
      "width": 0,
      "height": 0
    },
    "_anchorPoint": {
      "__type__": "cc.Vec2",
      "x": 0,
      "y": 0
    },
    "_trs": {
      "__type__": "TypedArray",
      "ctor": "Float64Array",
      "array": [
        0,
        0,
        0,
        0,
        0,
        0,
        1,
        1,
        1,
        1
      ]
    },
    "_is3DNode": true,
    "_groupIndex": 0,
    "groupIndex": 0,
    "autoReleaseAssets": false,
    "_id": "1149ce86-f6a3-4ec6-bceb-8c90727e0da0"
  },
  {
    "__type__": "cc.Node",
    "_name": "Canvas",
    "_objFlags": 0,
    "_parent": {
      "__id__": 1
    },
    "_children": [
      {
        "__id__": 3
      },
      {
        "__id__": 5
      },
      {
        "__id__": 9
      },
      {
        "__id__": 11
      },
      {
        "__id__": 98
      }
    ],
    "_active": true,
    "_components": [
      {
        "__id__": 101
      },
      {
        "__id__": 102
      },
      {
        "__id__": 103
      }
    ],
    "_prefab": null,
    "_opacity": 255,
    "_color": {
      "__type__": "cc.Color",
      "r": 255,
      "g": 255,
      "b": 255,
      "a": 255
    },
    "_contentSize": {
      "__type__": "cc.Size",
      "width": 1334,
      "height": 750
    },
    "_anchorPoint": {
      "__type__": "cc.Vec2",
      "x": 0.5,
      "y": 0.5
    },
    "_trs": {
      "__type__": "TypedArray",
      "ctor": "Float64Array",
      "array": [
        667,
        375,
        0,
        0,
        0,
        0,
        1,
        1,
        1,
        1
      ]
    },
    "_eulerAngles": {
      "__type__": "cc.Vec3",
      "x": 0,
      "y": 0,
      "z": 0
    },
    "_skewX": 0,
    "_skewY": 0,
    "_is3DNode": false,
    "_groupIndex": 0,
    "groupIndex": 0,
    "_id": "52gYmApmxDgrb/VhvtldlQ"
  },
  {
    "__type__": "cc.Node",
    "_name": "Main Camera",
    "_objFlags": 0,
    "_parent": {
      "__id__": 2
    },
    "_children": [],
    "_active": true,
    "_components": [
      {
        "__id__": 4
      }
    ],
    "_prefab": null,
    "_opacity": 255,
    "_color": {
      "__type__": "cc.Color",
      "r": 255,
      "g": 255,
      "b": 255,
      "a": 255
    },
    "_contentSize": {
      "__type__": "cc.Size",
      "width": 0,
      "height": 0
    },
    "_anchorPoint": {
      "__type__": "cc.Vec2",
      "x": 0.5,
      "y": 0.5
    },
    "_trs": {
      "__type__": "TypedArray",
      "ctor": "Float64Array",
      "array": [
        0,
        0,
        495.3598871002814,
        0,
        0,
        0,
        1,
        1,
        1,
        1
      ]
    },
    "_eulerAngles": {
      "__type__": "cc.Vec3",
      "x": 0,
      "y": 0,
      "z": 0
    },
    "_skewX": 0,
    "_skewY": 0,
    "_is3DNode": false,
    "_groupIndex": 0,
    "groupIndex": 0,
    "_id": "a2QvG2nyRH4J9eMKvSBzao"
  },
  {
    "__type__": "cc.Camera",
    "_name": "",
    "_objFlags": 0,
    "node": {
      "__id__": 3
    },
    "_enabled": true,
    "_cullingMask": 4294967295,
    "_clearFlags": 7,
    "_backgroundColor": {
      "__type__": "cc.Color",
      "r": 32,
      "g": 32,
      "b": 32,
      "a": 255
    },
    "_depth": -1,
    "_zoomRatio": 1,
    "_targetTexture": null,
    "_fov": 60,
    "_orthoSize": 10,
    "_nearClip": 1,
    "_farClip": 4096,
    "_ortho": true,
    "_rect": {
      "__type__": "cc.Rect",
      "x": 0,
      "y": 0,
      "width": 1,
      "height": 1
    },
    "_renderStages": 1,
    "_alignWithScreen": true,
    "_id": "565qOEqyNMj6ZR072YZiFf"
  },
  {
    "__type__": "cc.Node",
    "_name": "floor",
    "_objFlags": 0,
    "_parent": {
      "__id__": 2
    },
    "_children": [],
    "_active": true,
    "_components": [
      {
        "__id__": 6
      },
      {
        "__id__": 7
      },
      {
        "__id__": 8
      }
    ],
    "_prefab": null,
    "_opacity": 255,
    "_color": {
      "__type__": "cc.Color",
      "r": 134,
      "g": 134,
      "b": 134,
      "a": 255
    },
    "_contentSize": {
      "__type__": "cc.Size",
      "width": 1334,
      "height": 100
    },
    "_anchorPoint": {
      "__type__": "cc.Vec2",
      "x": 0.5,
      "y": 0.5
    },
    "_trs": {
      "__type__": "TypedArray",
      "ctor": "Float64Array",
      "array": [
        0,
        -322.428,
        0,
        0,
        0,
        0,
        1,
        1,
        1,
        1
      ]
    },
    "_eulerAngles": {
      "__type__": "cc.Vec3",
      "x": 0,
      "y": 0,
      "z": 0
    },
    "_skewX": 0,
    "_skewY": 0,
    "_is3DNode": false,
    "_groupIndex": 0,
    "groupIndex": 0,
    "_id": "562RJXUpdDvq7RHDq0hQUE"
  },
  {
    "__type__": "cc.Sprite",
    "_name": "",
    "_objFlags": 0,
    "node": {
      "__id__": 5
    },
    "_enabled": true,
    "_materials": [
      {
        "__uuid__": "eca5d2f2-8ef6-41c2-bbe6-f9c79d09c432"
      }
    ],
    "_srcBlendFactor": 770,
    "_dstBlendFactor": 771,
    "_spriteFrame": {
      "__uuid__": "a23235d1-15db-4b95-8439-a2e005bfff91"
    },
    "_type": 0,
    "_sizeMode": 0,
    "_fillType": 0,
    "_fillCenter": {
      "__type__": "cc.Vec2",
      "x": 0,
      "y": 0
    },
    "_fillStart": 0,
    "_fillRange": 0,
    "_isTrimmedMode": true,
    "_atlas": null,
    "_id": "d8OTVkJTpHe5qQh5VVw5Fh"
  },
  {
    "__type__": "cc.RigidBody",
    "_name": "",
    "_objFlags": 0,
    "node": {
      "__id__": 5
    },
    "_enabled": true,
    "_type": 0,
    "_allowSleep": true,
    "_gravityScale": 1,
    "_linearDamping": 0,
    "_angularDamping": 0,
    "_linearVelocity": {
      "__type__": "cc.Vec2",
      "x": 0,
      "y": 0
    },
    "_angularVelocity": 0,
    "_fixedRotation": false,
    "enabledContactListener": false,
    "bullet": false,
    "awakeOnLoad": true,
    "_id": "bfZtPdDXNI0ZSN54akcFaL"
  },
  {
    "__type__": "cc.PhysicsBoxCollider",
    "_name": "",
    "_objFlags": 0,
    "node": {
      "__id__": 5
    },
    "_enabled": true,
    "tag": 0,
    "_density": 1,
    "_sensor": false,
    "_friction": 1,
    "_restitution": 0,
    "body": null,
    "_offset": {
      "__type__": "cc.Vec2",
      "x": 0,
      "y": 0
    },
    "_size": {
      "__type__": "cc.Size",
      "width": 1334,
      "height": 100
    },
    "_id": "bcJl+eFRhEaK0ln2ROpyAN"
  },
  {
    "__type__": "cc.Node",
    "_name": "bike",
    "_objFlags": 0,
    "_parent": {
      "__id__": 2
    },
    "_children": [],
    "_active": true,
    "_components": [
      {
        "__id__": 10
      }
    ],
    "_prefab": null,
    "_opacity": 100,
    "_color": {
      "__type__": "cc.Color",
      "r": 255,
      "g": 255,
      "b": 255,
      "a": 255
    },
    "_contentSize": {
      "__type__": "cc.Size",
      "width": 477,
      "height": 397
    },
    "_anchorPoint": {
      "__type__": "cc.Vec2",
      "x": 0.5,
      "y": 0.5
    },
    "_trs": {
      "__type__": "TypedArray",
      "ctor": "Float64Array",
      "array": [
        0,
        0,
        0,
        0,
        0,
        0,
        1,
        1,
        1,
        1
      ]
    },
    "_eulerAngles": {
      "__type__": "cc.Vec3",
      "x": 0,
      "y": 0,
      "z": 0
    },
    "_skewX": 0,
    "_skewY": 0,
    "_is3DNode": false,
    "_groupIndex": 0,
    "groupIndex": 0,
    "_id": "bbgpmKngZNwrYlYNMVMje9"
  },
  {
    "__type__": "cc.Sprite",
    "_name": "",
    "_objFlags": 0,
    "node": {
      "__id__": 9
    },
    "_enabled": true,
    "_materials": [
      {
        "__uuid__": "eca5d2f2-8ef6-41c2-bbe6-f9c79d09c432"
      }
    ],
    "_srcBlendFactor": 770,
    "_dstBlendFactor": 771,
    "_spriteFrame": {
      "__uuid__": "5b014a51-df2a-4ac1-ad05-4d3e23d0c8ca"
    },
    "_type": 0,
    "_sizeMode": 1,
    "_fillType": 0,
    "_fillCenter": {
      "__type__": "cc.Vec2",
      "x": 0,
      "y": 0
    },
    "_fillStart": 0,
    "_fillRange": 0,
    "_isTrimmedMode": true,
    "_atlas": null,
    "_id": "85jtVIeUtFrqoju6op4pfR"
  },
  {
    "__type__": "cc.Node",
    "_name": "Bikeman",
    "_objFlags": 0,
    "_parent": {
      "__id__": 2
    },
    "_children": [
      {
        "__id__": 12
      },
      {
        "__id__": 39
      },
      {
        "__id__": 20
      }
    ],
    "_active": true,
    "_components": [],
    "_prefab": null,
    "_opacity": 255,
    "_color": {
      "__type__": "cc.Color",
      "r": 255,
      "g": 255,
      "b": 255,
      "a": 255
    },
    "_contentSize": {
      "__type__": "cc.Size",
      "width": 0,
      "height": 0
    },
    "_anchorPoint": {
      "__type__": "cc.Vec2",
      "x": 0.5,
      "y": 0.5
    },
    "_trs": {
      "__type__": "TypedArray",
      "ctor": "Float64Array",
      "array": [
        0,
        0,
        0,
        0,
        0,
        0,
        1,
        1,
        1,
        1
      ]
    },
    "_eulerAngles": {
      "__type__": "cc.Vec3",
      "x": 0,
      "y": 0,
      "z": 0
    },
    "_skewX": 0,
    "_skewY": 0,
    "_is3DNode": false,
    "_groupIndex": 0,
    "groupIndex": 0,
    "_id": "45S5XFgx1PILCbtUbTFDH1"
  },
  {
    "__type__": "cc.Node",
    "_name": "Man0",
    "_objFlags": 0,
    "_parent": {
      "__id__": 11
    },
    "_children": [
      {
        "__id__": 13
      },
      {
        "__id__": 87
      },
      {
        "__id__": 93
      }
    ],
    "_active": true,
    "_components": [],
    "_prefab": null,
    "_opacity": 255,
    "_color": {
      "__type__": "cc.Color",
      "r": 255,
      "g": 255,
      "b": 255,
      "a": 255
    },
    "_contentSize": {
      "__type__": "cc.Size",
      "width": 0,
      "height": 0
    },
    "_anchorPoint": {
      "__type__": "cc.Vec2",
      "x": 0.5,
      "y": 0.5
    },
    "_trs": {
      "__type__": "TypedArray",
      "ctor": "Float64Array",
      "array": [
        0,
        0,
        0,
        0,
        0,
        0,
        1,
        1,
        1,
        1
      ]
    },
    "_eulerAngles": {
      "__type__": "cc.Vec3",
      "x": 0,
      "y": 0,
      "z": 0
    },
    "_skewX": 0,
    "_skewY": 0,
    "_is3DNode": false,
    "_groupIndex": 0,
    "groupIndex": 0,
    "_id": "dfE4BXnvtND4dYvXGVs8cE"
  },
  {
    "__type__": "cc.Node",
    "_name": "upperLeg0",
    "_objFlags": 0,
    "_parent": {
      "__id__": 12
    },
    "_children": [],
    "_active": true,
    "_components": [
      {
        "__id__": 14
      },
      {
        "__id__": 15
      },
      {
        "__id__": 16
      },
      {
        "__id__": 17
      }
    ],
    "_prefab": null,
    "_opacity": 255,
    "_color": {
      "__type__": "cc.Color",
      "r": 255,
      "g": 255,
      "b": 255,
      "a": 255
    },
    "_contentSize": {
      "__type__": "cc.Size",
      "width": 136,
      "height": 110
    },
    "_anchorPoint": {
      "__type__": "cc.Vec2",
      "x": 0.5,
      "y": 0.5
    },
    "_trs": {
      "__type__": "TypedArray",
      "ctor": "Float64Array",
      "array": [
        -61.208,
        13.601,
        0,
        0,
        0,
        0,
        1,
        1,
        1,
        1
      ]
    },
    "_eulerAngles": {
      "__type__": "cc.Vec3",
      "x": 0,
      "y": 0,
      "z": 0
    },
    "_skewX": 0,
    "_skewY": 0,
    "_is3DNode": false,
    "_groupIndex": 1,
    "groupIndex": 1,
    "_id": "5cSqcUuNZDWr5DoWzfUvAZ"
  },
  {
    "__type__": "cc.Sprite",
    "_name": "",
    "_objFlags": 0,
    "node": {
      "__id__": 13
    },
    "_enabled": true,
    "_materials": [
      {
        "__uuid__": "eca5d2f2-8ef6-41c2-bbe6-f9c79d09c432"
      }
    ],
    "_srcBlendFactor": 770,
    "_dstBlendFactor": 771,
    "_spriteFrame": {
      "__uuid__": "271eb3cc-1287-4cf7-977d-0b15f784ea8f"
    },
    "_type": 0,
    "_sizeMode": 1,
    "_fillType": 0,
    "_fillCenter": {
      "__type__": "cc.Vec2",
      "x": 0,
      "y": 0
    },
    "_fillStart": 0,
    "_fillRange": 0,
    "_isTrimmedMode": true,
    "_atlas": null,
    "_id": "07VdBeWkdBoItnwkNCFzqs"
  },
  {
    "__type__": "cc.RigidBody",
    "_name": "",
    "_objFlags": 0,
    "node": {
      "__id__": 13
    },
    "_enabled": true,
    "_type": 2,
    "_allowSleep": true,
    "_gravityScale": 1,
    "_linearDamping": 0,
    "_angularDamping": 0,
    "_linearVelocity": {
      "__type__": "cc.Vec2",
      "x": 0,
      "y": 0
    },
    "_angularVelocity": 0,
    "_fixedRotation": false,
    "enabledContactListener": false,
    "bullet": false,
    "awakeOnLoad": true,
    "_id": "47EnemzBZFw77ZoZu7A2gt"
  },
  {
    "__type__": "cc.PhysicsPolygonCollider",
    "_name": "",
    "_objFlags": 0,
    "node": {
      "__id__": 13
    },
    "_enabled": true,
    "tag": 0,
    "_density": 0.1,
    "_sensor": false,
    "_friction": 0.2,
    "_restitution": 0,
    "body": null,
    "_offset": {
      "__type__": "cc.Vec2",
      "x": 0,
      "y": 0
    },
    "points": [
      {
        "__type__": "cc.Vec2",
        "x": -68.2,
        "y": 7
      },
      {
        "__type__": "cc.Vec2",
        "x": 49.8,
        "y": -57.1
      },
      {
        "__type__": "cc.Vec2",
        "x": 70,
        "y": -24.3
      },
      {
        "__type__": "cc.Vec2",
        "x": -39.7,
        "y": 64.4
      },
      {
        "__type__": "cc.Vec2",
        "x": -68.2,
        "y": 40.6
      }
    ],
    "_id": "e6mQprPc9JvYxudrQwa+Lg"
  },
  {
    "__type__": "cc.RevoluteJoint",
    "_name": "",
    "_objFlags": 0,
    "node": {
      "__id__": 13
    },
    "_enabled": true,
    "anchor": {
      "__type__": "cc.Vec2",
      "x": -40.57,
      "y": 30.43
    },
    "connectedAnchor": {
      "__type__": "cc.Vec2",
      "x": -40.197,
      "y": -32.407
    },
    "connectedBody": {
      "__id__": 18
    },
    "collideConnected": false,
    "_maxMotorTorque": 0,
    "_motorSpeed": 0,
    "_enableLimit": false,
    "_enableMotor": false,
    "referenceAngle": 0,
    "lowerAngle": 0,
    "upperAngle": 0,
    "_id": "33vEL5MDhKp7pHoniIiKhG"
  },
  {
    "__type__": "cc.RigidBody",
    "_name": "",
    "_objFlags": 0,
    "node": {
      "__id__": 19
    },
    "_enabled": true,
    "_type": 2,
    "_allowSleep": true,
    "_gravityScale": 1,
    "_linearDamping": 0,
    "_angularDamping": 0,
    "_linearVelocity": {
      "__type__": "cc.Vec2",
      "x": 0,
      "y": 0
    },
    "_angularVelocity": 0,
    "_fixedRotation": false,
    "enabledContactListener": false,
    "bullet": false,
    "awakeOnLoad": true,
    "_id": "aclHAJ1CFFPqvw3Z7tWxMK"
  },
  {
    "__type__": "cc.Node",
    "_name": "body",
    "_objFlags": 0,
    "_parent": {
      "__id__": 20
    },
    "_children": [],
    "_active": true,
    "_components": [
      {
        "__id__": 84
      },
      {
        "__id__": 18
      },
      {
        "__id__": 85
      },
      {
        "__id__": 86
      }
    ],
    "_prefab": null,
    "_opacity": 255,
    "_color": {
      "__type__": "cc.Color",
      "r": 255,
      "g": 255,
      "b": 255,
      "a": 255
    },
    "_contentSize": {
      "__type__": "cc.Size",
      "width": 139,
      "height": 139
    },
    "_anchorPoint": {
      "__type__": "cc.Vec2",
      "x": 0.5,
      "y": 0.5
    },
    "_trs": {
      "__type__": "TypedArray",
      "ctor": "Float64Array",
      "array": [
        -61.581,
        76.438,
        0,
        0,
        0,
        0,
        1,
        1,
        1,
        1
      ]
    },
    "_eulerAngles": {
      "__type__": "cc.Vec3",
      "x": 0,
      "y": 0,
      "z": 0
    },
    "_skewX": 0,
    "_skewY": 0,
    "_is3DNode": false,
    "_groupIndex": 1,
    "groupIndex": 1,
    "_id": "66j6ix2UFBWLTlv4Vvbldx"
  },
  {
    "__type__": "cc.Node",
    "_name": "Man1",
    "_objFlags": 0,
    "_parent": {
      "__id__": 11
    },
    "_children": [
      {
        "__id__": 21
      },
      {
        "__id__": 19
      },
      {
        "__id__": 26
      },
      {
        "__id__": 31
      },
      {
        "__id__": 68
      },
      {
        "__id__": 73
      },
      {
        "__id__": 78
      }
    ],
    "_active": true,
    "_components": [],
    "_prefab": null,
    "_opacity": 255,
    "_color": {
      "__type__": "cc.Color",
      "r": 255,
      "g": 255,
      "b": 255,
      "a": 255
    },
    "_contentSize": {
      "__type__": "cc.Size",
      "width": 0,
      "height": 0
    },
    "_anchorPoint": {
      "__type__": "cc.Vec2",
      "x": 0.5,
      "y": 0.5
    },
    "_trs": {
      "__type__": "TypedArray",
      "ctor": "Float64Array",
      "array": [
        0,
        0,
        0,
        0,
        0,
        0,
        1,
        1,
        1,
        1
      ]
    },
    "_eulerAngles": {
      "__type__": "cc.Vec3",
      "x": 0,
      "y": 0,
      "z": 0
    },
    "_skewX": 0,
    "_skewY": 0,
    "_is3DNode": false,
    "_groupIndex": 0,
    "groupIndex": 0,
    "_id": "d3sUshJxRLVqAogGPJj13X"
  },
  {
    "__type__": "cc.Node",
    "_name": "head",
    "_objFlags": 0,
    "_parent": {
      "__id__": 20
    },
    "_children": [],
    "_active": true,
    "_components": [
      {
        "__id__": 22
      },
      {
        "__id__": 23
      },
      {
        "__id__": 24
      },
      {
        "__id__": 25
      }
    ],
    "_prefab": null,
    "_opacity": 255,
    "_color": {
      "__type__": "cc.Color",
      "r": 255,
      "g": 255,
      "b": 255,
      "a": 255
    },
    "_contentSize": {
      "__type__": "cc.Size",
      "width": 78,
      "height": 77
    },
    "_anchorPoint": {
      "__type__": "cc.Vec2",
      "x": 0.5,
      "y": 0.5
    },
    "_trs": {
      "__type__": "TypedArray",
      "ctor": "Float64Array",
      "array": [
        25.102,
        159.432,
        0,
        0,
        0,
        0,
        1,
        1,
        1,
        1
      ]
    },
    "_eulerAngles": {
      "__type__": "cc.Vec3",
      "x": 0,
      "y": 0,
      "z": 0
    },
    "_skewX": 0,
    "_skewY": 0,
    "_is3DNode": false,
    "_groupIndex": 1,
    "groupIndex": 1,
    "_id": "caN2xN0eVHK6vQLx+s8Log"
  },
  {
    "__type__": "cc.Sprite",
    "_name": "",
    "_objFlags": 0,
    "node": {
      "__id__": 21
    },
    "_enabled": true,
    "_materials": [
      {
        "__uuid__": "eca5d2f2-8ef6-41c2-bbe6-f9c79d09c432"
      }
    ],
    "_srcBlendFactor": 770,
    "_dstBlendFactor": 771,
    "_spriteFrame": {
      "__uuid__": "2a4deae2-a0c1-491c-8439-c00e5e00185c"
    },
    "_type": 0,
    "_sizeMode": 1,
    "_fillType": 0,
    "_fillCenter": {
      "__type__": "cc.Vec2",
      "x": 0,
      "y": 0
    },
    "_fillStart": 0,
    "_fillRange": 0,
    "_isTrimmedMode": true,
    "_atlas": null,
    "_id": "59PhaqKh1C/JpeKqbhOQzI"
  },
  {
    "__type__": "cc.RigidBody",
    "_name": "",
    "_objFlags": 0,
    "node": {
      "__id__": 21
    },
    "_enabled": true,
    "_type": 2,
    "_allowSleep": true,
    "_gravityScale": 1,
    "_linearDamping": 0,
    "_angularDamping": 0,
    "_linearVelocity": {
      "__type__": "cc.Vec2",
      "x": 0,
      "y": 0
    },
    "_angularVelocity": 0,
    "_fixedRotation": false,
    "enabledContactListener": false,
    "bullet": false,
    "awakeOnLoad": true,
    "_id": "59LBHBRw9EuKbawBciHRHn"
  },
  {
    "__type__": "cc.PhysicsPolygonCollider",
    "_name": "",
    "_objFlags": 0,
    "node": {
      "__id__": 21
    },
    "_enabled": true,
    "tag": 0,
    "_density": 0.1,
    "_sensor": false,
    "_friction": 0.2,
    "_restitution": 0,
    "body": null,
    "_offset": {
      "__type__": "cc.Vec2",
      "x": 0,
      "y": 0
    },
    "points": [
      {
        "__type__": "cc.Vec2",
        "x": -40.7,
        "y": 9.2
      },
      {
        "__type__": "cc.Vec2",
        "x": -2.1,
        "y": -39.2
      },
      {
        "__type__": "cc.Vec2",
        "x": 38.9,
        "y": -4.2
      },
      {
        "__type__": "cc.Vec2",
        "x": 11.9,
        "y": 33.9
      },
      {
        "__type__": "cc.Vec2",
        "x": -31.7,
        "y": 36
      }
    ],
    "_id": "04bPJ3EKdMI40g+3pQ+ZFu"
  },
  {
    "__type__": "cc.WeldJoint",
    "_name": "",
    "_objFlags": 0,
    "node": {
      "__id__": 21
    },
    "_enabled": true,
    "anchor": {
      "__type__": "cc.Vec2",
      "x": -32.6,
      "y": -27.2
    },
    "connectedAnchor": {
      "__type__": "cc.Vec2",
      "x": 54.083,
      "y": 55.794
    },
    "connectedBody": {
      "__id__": 18
    },
    "collideConnected": false,
    "referenceAngle": 0,
    "_frequency": 6,
    "_dampingRatio": 1,
    "_id": "85rvVZ0ctN9ZMZ+J3X8rYk"
  },
  {
    "__type__": "cc.Node",
    "_name": "upperLeg1",
    "_objFlags": 0,
    "_parent": {
      "__id__": 20
    },
    "_children": [],
    "_active": true,
    "_components": [
      {
        "__id__": 27
      },
      {
        "__id__": 28
      },
      {
        "__id__": 29
      },
      {
        "__id__": 30
      }
    ],
    "_prefab": null,
    "_opacity": 255,
    "_color": {
      "__type__": "cc.Color",
      "r": 255,
      "g": 255,
      "b": 255,
      "a": 255
    },
    "_contentSize": {
      "__type__": "cc.Size",
      "width": 136,
      "height": 110
    },
    "_anchorPoint": {
      "__type__": "cc.Vec2",
      "x": 0.5,
      "y": 0.5
    },
    "_trs": {
      "__type__": "TypedArray",
      "ctor": "Float64Array",
      "array": [
        -61.208,
        13.601,
        0,
        0,
        0,
        0,
        1,
        1,
        1,
        1
      ]
    },
    "_eulerAngles": {
      "__type__": "cc.Vec3",
      "x": 0,
      "y": 0,
      "z": 0
    },
    "_skewX": 0,
    "_skewY": 0,
    "_is3DNode": false,
    "_groupIndex": 1,
    "groupIndex": 1,
    "_id": "d4rBhiR7lAxoncPZdRzuVO"
  },
  {
    "__type__": "cc.Sprite",
    "_name": "",
    "_objFlags": 0,
    "node": {
      "__id__": 26
    },
    "_enabled": true,
    "_materials": [
      {
        "__uuid__": "eca5d2f2-8ef6-41c2-bbe6-f9c79d09c432"
      }
    ],
    "_srcBlendFactor": 770,
    "_dstBlendFactor": 771,
    "_spriteFrame": {
      "__uuid__": "271eb3cc-1287-4cf7-977d-0b15f784ea8f"
    },
    "_type": 0,
    "_sizeMode": 1,
    "_fillType": 0,
    "_fillCenter": {
      "__type__": "cc.Vec2",
      "x": 0,
      "y": 0
    },
    "_fillStart": 0,
    "_fillRange": 0,
    "_isTrimmedMode": true,
    "_atlas": null,
    "_id": "6eD0oIZ6FIKaeT6r1gb0Xt"
  },
  {
    "__type__": "cc.RigidBody",
    "_name": "",
    "_objFlags": 0,
    "node": {
      "__id__": 26
    },
    "_enabled": true,
    "_type": 2,
    "_allowSleep": true,
    "_gravityScale": 1,
    "_linearDamping": 0,
    "_angularDamping": 0,
    "_linearVelocity": {
      "__type__": "cc.Vec2",
      "x": 0,
      "y": 0
    },
    "_angularVelocity": 0,
    "_fixedRotation": false,
    "enabledContactListener": false,
    "bullet": false,
    "awakeOnLoad": true,
    "_id": "eeGvbDKyREtZ5XA2RD5/TE"
  },
  {
    "__type__": "cc.PhysicsPolygonCollider",
    "_name": "",
    "_objFlags": 0,
    "node": {
      "__id__": 26
    },
    "_enabled": true,
    "tag": 0,
    "_density": 0.1,
    "_sensor": false,
    "_friction": 0.2,
    "_restitution": 0,
    "body": null,
    "_offset": {
      "__type__": "cc.Vec2",
      "x": 0,
      "y": 0
    },
    "points": [
      {
        "__type__": "cc.Vec2",
        "x": -68.2,
        "y": 7
      },
      {
        "__type__": "cc.Vec2",
        "x": 49.8,
        "y": -57.1
      },
      {
        "__type__": "cc.Vec2",
        "x": 70,
        "y": -24.3
      },
      {
        "__type__": "cc.Vec2",
        "x": -39.7,
        "y": 64.4
      },
      {
        "__type__": "cc.Vec2",
        "x": -68.2,
        "y": 40.6
      }
    ],
    "_id": "cbd0b9Jy1EcI1NPID/Gm4k"
  },
  {
    "__type__": "cc.RevoluteJoint",
    "_name": "",
    "_objFlags": 0,
    "node": {
      "__id__": 26
    },
    "_enabled": true,
    "anchor": {
      "__type__": "cc.Vec2",
      "x": -40.57,
      "y": 30.43
    },
    "connectedAnchor": {
      "__type__": "cc.Vec2",
      "x": -40.197,
      "y": -32.407
    },
    "connectedBody": {
      "__id__": 18
    },
    "collideConnected": false,
    "_maxMotorTorque": 0,
    "_motorSpeed": 0,
    "_enableLimit": false,
    "_enableMotor": false,
    "referenceAngle": 0,
    "lowerAngle": 0,
    "upperAngle": 0,
    "_id": "1aJDM4/WJIGrVi+NYgs8W8"
  },
  {
    "__type__": "cc.Node",
    "_name": "lowerLeg1",
    "_objFlags": 0,
    "_parent": {
      "__id__": 20
    },
    "_children": [],
    "_active": true,
    "_components": [
      {
        "__id__": 32
      },
      {
        "__id__": 33
      },
      {
        "__id__": 34
      },
      {
        "__id__": 35
      },
      {
        "__id__": 36
      }
    ],
    "_prefab": null,
    "_opacity": 255,
    "_color": {
      "__type__": "cc.Color",
      "r": 255,
      "g": 255,
      "b": 255,
      "a": 255
    },
    "_contentSize": {
      "__type__": "cc.Size",
      "width": 63,
      "height": 110
    },
    "_anchorPoint": {
      "__type__": "cc.Vec2",
      "x": 0.5,
      "y": 0.5
    },
    "_trs": {
      "__type__": "TypedArray",
      "ctor": "Float64Array",
      "array": [
        -27.153,
        -54.751,
        0,
        0,
        0,
        0,
        1,
        1,
        1,
        1
      ]
    },
    "_eulerAngles": {
      "__type__": "cc.Vec3",
      "x": 0,
      "y": 0,
      "z": 0
    },
    "_skewX": 0,
    "_skewY": 0,
    "_is3DNode": false,
    "_groupIndex": 1,
    "groupIndex": 1,
    "_id": "d4mm+sNdROoKJOSmsoSwLv"
  },
  {
    "__type__": "cc.Sprite",
    "_name": "",
    "_objFlags": 0,
    "node": {
      "__id__": 31
    },
    "_enabled": true,
    "_materials": [
      {
        "__uuid__": "eca5d2f2-8ef6-41c2-bbe6-f9c79d09c432"
      }
    ],
    "_srcBlendFactor": 770,
    "_dstBlendFactor": 771,
    "_spriteFrame": {
      "__uuid__": "3a30104a-adf1-402d-acf7-d93c4c552974"
    },
    "_type": 0,
    "_sizeMode": 1,
    "_fillType": 0,
    "_fillCenter": {
      "__type__": "cc.Vec2",
      "x": 0,
      "y": 0
    },
    "_fillStart": 0,
    "_fillRange": 0,
    "_isTrimmedMode": true,
    "_atlas": null,
    "_id": "bdTcG3ZchF/Kg60yOOKlUF"
  },
  {
    "__type__": "cc.RigidBody",
    "_name": "",
    "_objFlags": 0,
    "node": {
      "__id__": 31
    },
    "_enabled": true,
    "_type": 2,
    "_allowSleep": true,
    "_gravityScale": 1,
    "_linearDamping": 0,
    "_angularDamping": 0,
    "_linearVelocity": {
      "__type__": "cc.Vec2",
      "x": 0,
      "y": 0
    },
    "_angularVelocity": 0,
    "_fixedRotation": false,
    "enabledContactListener": false,
    "bullet": false,
    "awakeOnLoad": true,
    "_id": "18VOrJ89dKBobjgE6J+SX6"
  },
  {
    "__type__": "cc.RevoluteJoint",
    "_name": "",
    "_objFlags": 0,
    "node": {
      "__id__": 31
    },
    "_enabled": true,
    "anchor": {
      "__type__": "cc.Vec2",
      "x": 14.8,
      "y": 35.9
    },
    "connectedAnchor": {
      "__type__": "cc.Vec2",
      "x": 48.855,
      "y": -32.452
    },
    "connectedBody": {
      "__id__": 28
    },
    "collideConnected": false,
    "_maxMotorTorque": 0,
    "_motorSpeed": 0,
    "_enableLimit": true,
    "_enableMotor": false,
    "referenceAngle": 0,
    "lowerAngle": -60,
    "upperAngle": 70,
    "_id": "cdJZLPkGRLK5V8lSl6TBVx"
  },
  {
    "__type__": "cc.PhysicsPolygonCollider",
    "_name": "",
    "_objFlags": 0,
    "node": {
      "__id__": 31
    },
    "_enabled": true,
    "tag": 0,
    "_density": 0.1,
    "_sensor": false,
    "_friction": 0.2,
    "_restitution": 0,
    "body": null,
    "_offset": {
      "__type__": "cc.Vec2",
      "x": 0,
      "y": 0
    },
    "points": [
      {
        "__type__": "cc.Vec2",
        "x": -31.6,
        "y": -46.8
      },
      {
        "__type__": "cc.Vec2",
        "x": -12.6,
        "y": -53.2
      },
      {
        "__type__": "cc.Vec2",
        "x": 31.9,
        "y": 42.3
      },
      {
        "__type__": "cc.Vec2",
        "x": 0.7,
        "y": 53.5
      }
    ],
    "_id": "c163DwhjFAJJuOt54H67NG"
  },
  {
    "__type__": "cc.RevoluteJoint",
    "_name": "",
    "_objFlags": 0,
    "node": {
      "__id__": 31
    },
    "_enabled": true,
    "anchor": {
      "__type__": "cc.Vec2",
      "x": -13.5,
      "y": -61.1
    },
    "connectedAnchor": {
      "__type__": "cc.Vec2",
      "x": 0,
      "y": -25
    },
    "connectedBody": {
      "__id__": 37
    },
    "collideConnected": false,
    "_maxMotorTorque": 0,
    "_motorSpeed": 0,
    "_enableLimit": false,
    "_enableMotor": false,
    "referenceAngle": 0,
    "lowerAngle": 0,
    "upperAngle": 0,
    "_id": "6a+dOVcvZNyorkYTArEg0d"
  },
  {
    "__type__": "cc.RigidBody",
    "_name": "",
    "_objFlags": 0,
    "node": {
      "__id__": 38
    },
    "_enabled": true,
    "_type": 2,
    "_allowSleep": true,
    "_gravityScale": 1,
    "_linearDamping": 0,
    "_angularDamping": 0,
    "_linearVelocity": {
      "__type__": "cc.Vec2",
      "x": 0,
      "y": 0
    },
    "_angularVelocity": 0,
    "_fixedRotation": false,
    "enabledContactListener": false,
    "bullet": false,
    "awakeOnLoad": true,
    "_id": "50oiURToZHHLIC/U8o8Kzr"
  },
  {
    "__type__": "cc.Node",
    "_name": "pedal",
    "_objFlags": 0,
    "_parent": {
      "__id__": 39
    },
    "_children": [],
    "_active": true,
    "_components": [
      {
        "__id__": 65
      },
      {
        "__id__": 37
      },
      {
        "__id__": 66
      },
      {
        "__id__": 67
      }
    ],
    "_prefab": null,
    "_opacity": 255,
    "_color": {
      "__type__": "cc.Color",
      "r": 255,
      "g": 255,
      "b": 255,
      "a": 255
    },
    "_contentSize": {
      "__type__": "cc.Size",
      "width": 62,
      "height": 62
    },
    "_anchorPoint": {
      "__type__": "cc.Vec2",
      "x": 0.5,
      "y": 0.5
    },
    "_trs": {
      "__type__": "TypedArray",
      "ctor": "Float64Array",
      "array": [
        -18.601,
        -78.278,
        0,
        0,
        0,
        0,
        1,
        1,
        1,
        1
      ]
    },
    "_eulerAngles": {
      "__type__": "cc.Vec3",
      "x": 0,
      "y": 0,
      "z": 0
    },
    "_skewX": 0,
    "_skewY": 0,
    "_is3DNode": false,
    "_groupIndex": 1,
    "groupIndex": 1,
    "_id": "fdLvcxW5tH87dUToGPjFBl"
  },
  {
    "__type__": "cc.Node",
    "_name": "Bike",
    "_objFlags": 0,
    "_parent": {
      "__id__": 11
    },
    "_children": [
      {
        "__id__": 40
      },
      {
        "__id__": 49
      },
      {
        "__id__": 54
      },
      {
        "__id__": 45
      },
      {
        "__id__": 59
      },
      {
        "__id__": 38
      }
    ],
    "_active": true,
    "_components": [],
    "_prefab": null,
    "_opacity": 255,
    "_color": {
      "__type__": "cc.Color",
      "r": 255,
      "g": 255,
      "b": 255,
      "a": 255
    },
    "_contentSize": {
      "__type__": "cc.Size",
      "width": 0,
      "height": 0
    },
    "_anchorPoint": {
      "__type__": "cc.Vec2",
      "x": 0.5,
      "y": 0.5
    },
    "_trs": {
      "__type__": "TypedArray",
      "ctor": "Float64Array",
      "array": [
        0,
        0,
        0,
        0,
        0,
        0,
        1,
        1,
        1,
        1
      ]
    },
    "_eulerAngles": {
      "__type__": "cc.Vec3",
      "x": 0,
      "y": 0,
      "z": 0
    },
    "_skewX": 0,
    "_skewY": 0,
    "_is3DNode": false,
    "_groupIndex": 0,
    "groupIndex": 0,
    "_id": "31/c5dgrdB1JkaYOKdQIXK"
  },
  {
    "__type__": "cc.Node",
    "_name": "gear1",
    "_objFlags": 0,
    "_parent": {
      "__id__": 39
    },
    "_children": [],
    "_active": true,
    "_components": [
      {
        "__id__": 41
      },
      {
        "__id__": 42
      },
      {
        "__id__": 43
      },
      {
        "__id__": 48
      }
    ],
    "_prefab": null,
    "_opacity": 255,
    "_color": {
      "__type__": "cc.Color",
      "r": 255,
      "g": 255,
      "b": 255,
      "a": 255
    },
    "_contentSize": {
      "__type__": "cc.Size",
      "width": 0,
      "height": 0
    },
    "_anchorPoint": {
      "__type__": "cc.Vec2",
      "x": 0.5,
      "y": 0.5
    },
    "_trs": {
      "__type__": "TypedArray",
      "ctor": "Float64Array",
      "array": [
        -148.964,
        -108.607,
        0,
        0,
        0,
        0,
        1,
        1,
        1,
        1
      ]
    },
    "_eulerAngles": {
      "__type__": "cc.Vec3",
      "x": 0,
      "y": 0,
      "z": 0
    },
    "_skewX": 0,
    "_skewY": 0,
    "_is3DNode": false,
    "_groupIndex": 1,
    "groupIndex": 1,
    "_id": "6efo2lQiJPT4QDm1iMvTGF"
  },
  {
    "__type__": "cc.RigidBody",
    "_name": "",
    "_objFlags": 0,
    "node": {
      "__id__": 40
    },
    "_enabled": true,
    "_type": 2,
    "_allowSleep": true,
    "_gravityScale": 1,
    "_linearDamping": 0,
    "_angularDamping": 0,
    "_linearVelocity": {
      "__type__": "cc.Vec2",
      "x": 0,
      "y": 0
    },
    "_angularVelocity": 0,
    "_fixedRotation": false,
    "enabledContactListener": false,
    "bullet": false,
    "awakeOnLoad": true,
    "_id": "786qbgZKRPVLlRktTwczRi"
  },
  {
    "__type__": "cc.PhysicsCircleCollider",
    "_name": "",
    "_objFlags": 0,
    "node": {
      "__id__": 40
    },
    "_enabled": true,
    "tag": 0,
    "_density": 1,
    "_sensor": false,
    "_friction": 0.2,
    "_restitution": 0,
    "body": null,
    "_offset": {
      "__type__": "cc.Vec2",
      "x": 0,
      "y": 0
    },
    "_radius": 10,
    "_id": "3eBDjTBAhBL5kynfQNAAKJ"
  },
  {
    "__type__": "cc.DistanceJoint",
    "_name": "",
    "_objFlags": 0,
    "node": {
      "__id__": 40
    },
    "_enabled": true,
    "anchor": {
      "__type__": "cc.Vec2",
      "x": 0,
      "y": 0
    },
    "connectedAnchor": {
      "__type__": "cc.Vec2",
      "x": -132.973,
      "y": -84.087
    },
    "connectedBody": {
      "__id__": 44
    },
    "collideConnected": false,
    "_distance": 0,
    "_frequency": 10,
    "_dampingRatio": 2,
    "_id": "a7tumU8d5Bh4Me6YiW17MO"
  },
  {
    "__type__": "cc.RigidBody",
    "_name": "",
    "_objFlags": 0,
    "node": {
      "__id__": 45
    },
    "_enabled": true,
    "_type": 2,
    "_allowSleep": true,
    "_gravityScale": 1,
    "_linearDamping": 0,
    "_angularDamping": 0,
    "_linearVelocity": {
      "__type__": "cc.Vec2",
      "x": 0,
      "y": 0
    },
    "_angularVelocity": 0,
    "_fixedRotation": false,
    "enabledContactListener": false,
    "bullet": false,
    "awakeOnLoad": true,
    "_id": "4emdk8SjpFZ4HwsnMFruv7"
  },
  {
    "__type__": "cc.Node",
    "_name": "frame",
    "_objFlags": 0,
    "_parent": {
      "__id__": 39
    },
    "_children": [],
    "_active": true,
    "_components": [
      {
        "__id__": 46
      },
      {
        "__id__": 44
      },
      {
        "__id__": 47
      }
    ],
    "_prefab": null,
    "_opacity": 255,
    "_color": {
      "__type__": "cc.Color",
      "r": 255,
      "g": 255,
      "b": 255,
      "a": 255
    },
    "_contentSize": {
      "__type__": "cc.Size",
      "width": 289,
      "height": 190
    },
    "_anchorPoint": {
      "__type__": "cc.Vec2",
      "x": 0.5,
      "y": 0.5
    },
    "_trs": {
      "__type__": "TypedArray",
      "ctor": "Float64Array",
      "array": [
        -15.991,
        -24.52,
        0,
        0,
        0,
        0,
        1,
        1,
        1,
        1
      ]
    },
    "_eulerAngles": {
      "__type__": "cc.Vec3",
      "x": 0,
      "y": 0,
      "z": 0
    },
    "_skewX": 0,
    "_skewY": 0,
    "_is3DNode": false,
    "_groupIndex": 1,
    "groupIndex": 1,
    "_id": "acliFKoTdOLLtQstjq+0k9"
  },
  {
    "__type__": "cc.Sprite",
    "_name": "",
    "_objFlags": 0,
    "node": {
      "__id__": 45
    },
    "_enabled": true,
    "_materials": [
      {
        "__uuid__": "eca5d2f2-8ef6-41c2-bbe6-f9c79d09c432"
      }
    ],
    "_srcBlendFactor": 770,
    "_dstBlendFactor": 771,
    "_spriteFrame": {
      "__uuid__": "64721c99-94cd-4e8b-a46b-3c4758561f0c"
    },
    "_type": 0,
    "_sizeMode": 1,
    "_fillType": 0,
    "_fillCenter": {
      "__type__": "cc.Vec2",
      "x": 0,
      "y": 0
    },
    "_fillStart": 0,
    "_fillRange": 0,
    "_isTrimmedMode": true,
    "_atlas": null,
    "_id": "eeOnGHKQFIeZwyotLyi5Uo"
  },
  {
    "__type__": "cc.PhysicsPolygonCollider",
    "_name": "",
    "_objFlags": 0,
    "node": {
      "__id__": 45
    },
    "_enabled": true,
    "tag": 0,
    "_density": 1,
    "_sensor": true,
    "_friction": 0.2,
    "_restitution": 0,
    "body": null,
    "_offset": {
      "__type__": "cc.Vec2",
      "x": 0,
      "y": 0
    },
    "points": [
      {
        "__type__": "cc.Vec2",
        "x": -132.7,
        "y": -85.5
      },
      {
        "__type__": "cc.Vec2",
        "x": 11.6,
        "y": -75.2
      },
      {
        "__type__": "cc.Vec2",
        "x": 101.4,
        "y": 23.9
      },
      {
        "__type__": "cc.Vec2",
        "x": 88.8,
        "y": 53.1
      }
    ],
    "_id": "86v2tHbztLvI81YbXxXxMq"
  },
  {
    "__type__": "cc.PrismaticJoint",
    "_name": "",
    "_objFlags": 0,
    "node": {
      "__id__": 40
    },
    "_enabled": true,
    "anchor": {
      "__type__": "cc.Vec2",
      "x": 0,
      "y": 0
    },
    "connectedAnchor": {
      "__type__": "cc.Vec2",
      "x": -132.973,
      "y": -84.087
    },
    "connectedBody": {
      "__id__": 44
    },
    "collideConnected": false,
    "localAxisA": {
      "__type__": "cc.Vec2",
      "x": 0,
      "y": 1
    },
    "referenceAngle": 0,
    "enableLimit": true,
    "enableMotor": false,
    "lowerLimit": -40,
    "upperLimit": 0,
    "_maxMotorForce": 0,
    "_motorSpeed": 0,
    "_id": "eepd+oV0ZK94awJD6yfcIc"
  },
  {
    "__type__": "cc.Node",
    "_name": "wheel1",
    "_objFlags": 0,
    "_parent": {
      "__id__": 39
    },
    "_children": [],
    "_active": true,
    "_components": [
      {
        "__id__": 50
      },
      {
        "__id__": 51
      },
      {
        "__id__": 52
      },
      {
        "__id__": 53
      }
    ],
    "_prefab": null,
    "_opacity": 255,
    "_color": {
      "__type__": "cc.Color",
      "r": 255,
      "g": 255,
      "b": 255,
      "a": 255
    },
    "_contentSize": {
      "__type__": "cc.Size",
      "width": 180,
      "height": 180
    },
    "_anchorPoint": {
      "__type__": "cc.Vec2",
      "x": 0.5,
      "y": 0.5
    },
    "_trs": {
      "__type__": "TypedArray",
      "ctor": "Float64Array",
      "array": [
        -148.476,
        -108.74,
        0,
        0,
        0,
        0,
        1,
        1,
        1,
        1
      ]
    },
    "_eulerAngles": {
      "__type__": "cc.Vec3",
      "x": 0,
      "y": 0,
      "z": 0
    },
    "_skewX": 0,
    "_skewY": 0,
    "_is3DNode": false,
    "_groupIndex": 1,
    "groupIndex": 1,
    "_id": "39COLz+9lIt5sT9XpoYzy5"
  },
  {
    "__type__": "cc.Sprite",
    "_name": "",
    "_objFlags": 0,
    "node": {
      "__id__": 49
    },
    "_enabled": true,
    "_materials": [
      {
        "__uuid__": "eca5d2f2-8ef6-41c2-bbe6-f9c79d09c432"
      }
    ],
    "_srcBlendFactor": 770,
    "_dstBlendFactor": 771,
    "_spriteFrame": {
      "__uuid__": "4fa94aa4-1371-4737-b02e-67c5878d1d1a"
    },
    "_type": 0,
    "_sizeMode": 1,
    "_fillType": 0,
    "_fillCenter": {
      "__type__": "cc.Vec2",
      "x": 0,
      "y": 0
    },
    "_fillStart": 0,
    "_fillRange": 0,
    "_isTrimmedMode": true,
    "_atlas": null,
    "_id": "09+OkHOYBMNoy0e4ZViHjC"
  },
  {
    "__type__": "cc.RigidBody",
    "_name": "",
    "_objFlags": 0,
    "node": {
      "__id__": 49
    },
    "_enabled": true,
    "_type": 2,
    "_allowSleep": true,
    "_gravityScale": 1,
    "_linearDamping": 0,
    "_angularDamping": 0,
    "_linearVelocity": {
      "__type__": "cc.Vec2",
      "x": 0,
      "y": 0
    },
    "_angularVelocity": 0,
    "_fixedRotation": false,
    "enabledContactListener": false,
    "bullet": false,
    "awakeOnLoad": true,
    "_id": "d9bv3KqylJK6G6Kizf4QEa"
  },
  {
    "__type__": "cc.PhysicsCircleCollider",
    "_name": "",
    "_objFlags": 0,
    "node": {
      "__id__": 49
    },
    "_enabled": true,
    "tag": 0,
    "_density": 1,
    "_sensor": false,
    "_friction": 1,
    "_restitution": 0,
    "body": null,
    "_offset": {
      "__type__": "cc.Vec2",
      "x": 0,
      "y": 0
    },
    "_radius": 90,
    "_id": "a6w/1Iz6tDxJUhRas03juS"
  },
  {
    "__type__": "cc.RevoluteJoint",
    "_name": "",
    "_objFlags": 0,
    "node": {
      "__id__": 49
    },
    "_enabled": true,
    "anchor": {
      "__type__": "cc.Vec2",
      "x": 0,
      "y": 0
    },
    "connectedAnchor": {
      "__type__": "cc.Vec2",
      "x": 0,
      "y": 0
    },
    "connectedBody": {
      "__id__": 41
    },
    "collideConnected": false,
    "_maxMotorTorque": 0,
    "_motorSpeed": 0,
    "_enableLimit": false,
    "_enableMotor": true,
    "referenceAngle": 0,
    "lowerAngle": 0,
    "upperAngle": 0,
    "_id": "1a1omhPnVPUIlz0MhAwir2"
  },
  {
    "__type__": "cc.Node",
    "_name": "wheel2",
    "_objFlags": 0,
    "_parent": {
      "__id__": 39
    },
    "_children": [],
    "_active": true,
    "_components": [
      {
        "__id__": 55
      },
      {
        "__id__": 56
      },
      {
        "__id__": 57
      },
      {
        "__id__": 64
      }
    ],
    "_prefab": null,
    "_opacity": 255,
    "_color": {
      "__type__": "cc.Color",
      "r": 255,
      "g": 255,
      "b": 255,
      "a": 255
    },
    "_contentSize": {
      "__type__": "cc.Size",
      "width": 180,
      "height": 180
    },
    "_anchorPoint": {
      "__type__": "cc.Vec2",
      "x": 0.5,
      "y": 0.5
    },
    "_trs": {
      "__type__": "TypedArray",
      "ctor": "Float64Array",
      "array": [
        147.41,
        -108.74,
        0,
        0,
        0,
        0,
        1,
        1,
        1,
        1
      ]
    },
    "_eulerAngles": {
      "__type__": "cc.Vec3",
      "x": 0,
      "y": 0,
      "z": 0
    },
    "_skewX": 0,
    "_skewY": 0,
    "_is3DNode": false,
    "_groupIndex": 1,
    "groupIndex": 1,
    "_id": "32Ndr4zelHt4Gm+IWSJdGi"
  },
  {
    "__type__": "cc.Sprite",
    "_name": "",
    "_objFlags": 0,
    "node": {
      "__id__": 54
    },
    "_enabled": true,
    "_materials": [
      {
        "__uuid__": "eca5d2f2-8ef6-41c2-bbe6-f9c79d09c432"
      }
    ],
    "_srcBlendFactor": 770,
    "_dstBlendFactor": 771,
    "_spriteFrame": {
      "__uuid__": "4fa94aa4-1371-4737-b02e-67c5878d1d1a"
    },
    "_type": 0,
    "_sizeMode": 1,
    "_fillType": 0,
    "_fillCenter": {
      "__type__": "cc.Vec2",
      "x": 0,
      "y": 0
    },
    "_fillStart": 0,
    "_fillRange": 0,
    "_isTrimmedMode": true,
    "_atlas": null,
    "_id": "2erhVVdSxF9ogIZDx5UJq0"
  },
  {
    "__type__": "cc.RigidBody",
    "_name": "",
    "_objFlags": 0,
    "node": {
      "__id__": 54
    },
    "_enabled": true,
    "_type": 2,
    "_allowSleep": true,
    "_gravityScale": 1,
    "_linearDamping": 0,
    "_angularDamping": 0,
    "_linearVelocity": {
      "__type__": "cc.Vec2",
      "x": 0,
      "y": 0
    },
    "_angularVelocity": 0,
    "_fixedRotation": false,
    "enabledContactListener": false,
    "bullet": false,
    "awakeOnLoad": true,
    "_id": "888r8HiXJFcILK1UZfXgVM"
  },
  {
    "__type__": "cc.RevoluteJoint",
    "_name": "",
    "_objFlags": 0,
    "node": {
      "__id__": 54
    },
    "_enabled": true,
    "anchor": {
      "__type__": "cc.Vec2",
      "x": 0,
      "y": 0
    },
    "connectedAnchor": {
      "__type__": "cc.Vec2",
      "x": 0,
      "y": -30
    },
    "connectedBody": {
      "__id__": 58
    },
    "collideConnected": false,
    "_maxMotorTorque": 0,
    "_motorSpeed": 0,
    "_enableLimit": false,
    "_enableMotor": false,
    "referenceAngle": 0,
    "lowerAngle": 0,
    "upperAngle": 0,
    "_id": "05bTfM1WxC3blBWbfFmqyl"
  },
  {
    "__type__": "cc.RigidBody",
    "_name": "",
    "_objFlags": 0,
    "node": {
      "__id__": 59
    },
    "_enabled": true,
    "_type": 2,
    "_allowSleep": true,
    "_gravityScale": 1,
    "_linearDamping": 0,
    "_angularDamping": 0,
    "_linearVelocity": {
      "__type__": "cc.Vec2",
      "x": 0,
      "y": 0
    },
    "_angularVelocity": 0,
    "_fixedRotation": false,
    "enabledContactListener": false,
    "bullet": false,
    "awakeOnLoad": true,
    "_id": "09tdghylhCpYOUGstuY/go"
  },
  {
    "__type__": "cc.Node",
    "_name": "gear2",
    "_objFlags": 0,
    "_parent": {
      "__id__": 39
    },
    "_children": [],
    "_active": true,
    "_components": [
      {
        "__id__": 60
      },
      {
        "__id__": 58
      },
      {
        "__id__": 61
      },
      {
        "__id__": 62
      },
      {
        "__id__": 63
      }
    ],
    "_prefab": null,
    "_opacity": 255,
    "_color": {
      "__type__": "cc.Color",
      "r": 255,
      "g": 255,
      "b": 255,
      "a": 255
    },
    "_contentSize": {
      "__type__": "cc.Size",
      "width": 22,
      "height": 82
    },
    "_anchorPoint": {
      "__type__": "cc.Vec2",
      "x": 0.5,
      "y": 0.5
    },
    "_trs": {
      "__type__": "TypedArray",
      "ctor": "Float64Array",
      "array": [
        147.41,
        -78.74,
        0,
        0,
        0,
        0,
        1,
        1,
        1,
        1
      ]
    },
    "_eulerAngles": {
      "__type__": "cc.Vec3",
      "x": 0,
      "y": 0,
      "z": 0
    },
    "_skewX": 0,
    "_skewY": 0,
    "_is3DNode": false,
    "_groupIndex": 1,
    "groupIndex": 1,
    "_id": "c9HYOg1y9GBJssSr0Oe4CS"
  },
  {
    "__type__": "cc.Sprite",
    "_name": "",
    "_objFlags": 0,
    "node": {
      "__id__": 59
    },
    "_enabled": true,
    "_materials": [
      {
        "__uuid__": "eca5d2f2-8ef6-41c2-bbe6-f9c79d09c432"
      }
    ],
    "_srcBlendFactor": 770,
    "_dstBlendFactor": 771,
    "_spriteFrame": {
      "__uuid__": "82fab49c-f8fe-4de0-a14a-8db8f7331924"
    },
    "_type": 0,
    "_sizeMode": 1,
    "_fillType": 0,
    "_fillCenter": {
      "__type__": "cc.Vec2",
      "x": 0,
      "y": 0
    },
    "_fillStart": 0,
    "_fillRange": 0,
    "_isTrimmedMode": true,
    "_atlas": null,
    "_id": "c78RD5B9JODoRju1I9p+tb"
  },
  {
    "__type__": "cc.PhysicsCircleCollider",
    "_name": "",
    "_objFlags": 0,
    "node": {
      "__id__": 59
    },
    "_enabled": true,
    "tag": 0,
    "_density": 1,
    "_sensor": false,
    "_friction": 0.2,
    "_restitution": 0,
    "body": null,
    "_offset": {
      "__type__": "cc.Vec2",
      "x": 0,
      "y": -30
    },
    "_radius": 10,
    "_id": "90PreZUbNNt7L/CxkGDrOT"
  },
  {
    "__type__": "cc.PrismaticJoint",
    "_name": "",
    "_objFlags": 0,
    "node": {
      "__id__": 59
    },
    "_enabled": true,
    "anchor": {
      "__type__": "cc.Vec2",
      "x": 0,
      "y": -30
    },
    "connectedAnchor": {
      "__type__": "cc.Vec2",
      "x": 163.4009,
      "y": -84.2201
    },
    "connectedBody": {
      "__id__": 44
    },
    "collideConnected": false,
    "localAxisA": {
      "__type__": "cc.Vec2",
      "x": 0,
      "y": 1
    },
    "referenceAngle": 25,
    "enableLimit": true,
    "enableMotor": false,
    "lowerLimit": -40,
    "upperLimit": 10,
    "_maxMotorForce": 0,
    "_motorSpeed": 0,
    "_id": "f5WMbQZihDDpO9mp+HbQtq"
  },
  {
    "__type__": "cc.DistanceJoint",
    "_name": "",
    "_objFlags": 0,
    "node": {
      "__id__": 59
    },
    "_enabled": true,
    "anchor": {
      "__type__": "cc.Vec2",
      "x": 0,
      "y": -30
    },
    "connectedAnchor": {
      "__type__": "cc.Vec2",
      "x": 163.4009,
      "y": -84.2201
    },
    "connectedBody": {
      "__id__": 44
    },
    "collideConnected": false,
    "_distance": 0,
    "_frequency": 10,
    "_dampingRatio": 2,
    "_id": "f4zW9EIKdIGIBNreTybTU1"
  },
  {
    "__type__": "cc.PhysicsCircleCollider",
    "_name": "",
    "_objFlags": 0,
    "node": {
      "__id__": 54
    },
    "_enabled": true,
    "tag": 0,
    "_density": 1,
    "_sensor": false,
    "_friction": 1,
    "_restitution": 0,
    "body": null,
    "_offset": {
      "__type__": "cc.Vec2",
      "x": 0,
      "y": 0
    },
    "_radius": 90,
    "_id": "47qpUtV3xMK7ro9cPF1uNw"
  },
  {
    "__type__": "cc.Sprite",
    "_name": "",
    "_objFlags": 0,
    "node": {
      "__id__": 38
    },
    "_enabled": true,
    "_materials": [
      {
        "__uuid__": "eca5d2f2-8ef6-41c2-bbe6-f9c79d09c432"
      }
    ],
    "_srcBlendFactor": 770,
    "_dstBlendFactor": 771,
    "_spriteFrame": {
      "__uuid__": "cb6bc040-5807-403f-8858-f16187c6057d"
    },
    "_type": 0,
    "_sizeMode": 1,
    "_fillType": 0,
    "_fillCenter": {
      "__type__": "cc.Vec2",
      "x": 0,
      "y": 0
    },
    "_fillStart": 0,
    "_fillRange": 0,
    "_isTrimmedMode": true,
    "_atlas": null,
    "_id": "a6ezkk8u1FPo+m1F0zl+7e"
  },
  {
    "__type__": "cc.PhysicsCircleCollider",
    "_name": "",
    "_objFlags": 0,
    "node": {
      "__id__": 38
    },
    "_enabled": true,
    "tag": 0,
    "_density": 1,
    "_sensor": false,
    "_friction": 0.2,
    "_restitution": 0,
    "body": null,
    "_offset": {
      "__type__": "cc.Vec2",
      "x": 0,
      "y": 0
    },
    "_radius": 30,
    "_id": "20Fnb4QNNC86OtUgjLsELw"
  },
  {
    "__type__": "cc.RevoluteJoint",
    "_name": "",
    "_objFlags": 0,
    "node": {
      "__id__": 38
    },
    "_enabled": true,
    "anchor": {
      "__type__": "cc.Vec2",
      "x": 0,
      "y": 0
    },
    "connectedAnchor": {
      "__type__": "cc.Vec2",
      "x": -2.61,
      "y": -53.7581
    },
    "connectedBody": {
      "__id__": 44
    },
    "collideConnected": false,
    "_maxMotorTorque": 2000,
    "_motorSpeed": -400,
    "_enableLimit": false,
    "_enableMotor": true,
    "referenceAngle": 0,
    "lowerAngle": 0,
    "upperAngle": 0,
    "_id": "6fU0OpXidGc66+1xEJt4tj"
  },
  {
    "__type__": "cc.Node",
    "_name": "foot1",
    "_objFlags": 0,
    "_parent": {
      "__id__": 20
    },
    "_children": [],
    "_active": true,
    "_components": [
      {
        "__id__": 69
      },
      {
        "__id__": 70
      },
      {
        "__id__": 71
      },
      {
        "__id__": 72
      }
    ],
    "_prefab": null,
    "_opacity": 255,
    "_color": {
      "__type__": "cc.Color",
      "r": 255,
      "g": 255,
      "b": 255,
      "a": 255
    },
    "_contentSize": {
      "__type__": "cc.Size",
      "width": 68,
      "height": 38
    },
    "_anchorPoint": {
      "__type__": "cc.Vec2",
      "x": 0.5,
      "y": 0.5
    },
    "_trs": {
      "__type__": "TypedArray",
      "ctor": "Float64Array",
      "array": [
        -31.523,
        -113.169,
        0,
        0,
        0,
        0,
        1,
        1,
        1,
        1
      ]
    },
    "_eulerAngles": {
      "__type__": "cc.Vec3",
      "x": 0,
      "y": 0,
      "z": 0
    },
    "_skewX": 0,
    "_skewY": 0,
    "_is3DNode": false,
    "_groupIndex": 1,
    "groupIndex": 1,
    "_id": "7dDCqTKhFNNLjtYocrkyy3"
  },
  {
    "__type__": "cc.Sprite",
    "_name": "",
    "_objFlags": 0,
    "node": {
      "__id__": 68
    },
    "_enabled": true,
    "_materials": [
      {
        "__uuid__": "eca5d2f2-8ef6-41c2-bbe6-f9c79d09c432"
      }
    ],
    "_srcBlendFactor": 770,
    "_dstBlendFactor": 771,
    "_spriteFrame": {
      "__uuid__": "bcd2f780-dcab-4531-9081-ac4f2bdcc2f0"
    },
    "_type": 0,
    "_sizeMode": 1,
    "_fillType": 0,
    "_fillCenter": {
      "__type__": "cc.Vec2",
      "x": 0,
      "y": 0
    },
    "_fillStart": 0,
    "_fillRange": 0,
    "_isTrimmedMode": true,
    "_atlas": null,
    "_id": "c3/a7M06BApL9CfRFEe2C1"
  },
  {
    "__type__": "cc.RigidBody",
    "_name": "",
    "_objFlags": 0,
    "node": {
      "__id__": 68
    },
    "_enabled": true,
    "_type": 2,
    "_allowSleep": true,
    "_gravityScale": 1,
    "_linearDamping": 0,
    "_angularDamping": 0,
    "_linearVelocity": {
      "__type__": "cc.Vec2",
      "x": 0,
      "y": 0
    },
    "_angularVelocity": 0,
    "_fixedRotation": false,
    "enabledContactListener": false,
    "bullet": false,
    "awakeOnLoad": true,
    "_id": "26bHiIeepAQJv4eWjn2CpE"
  },
  {
    "__type__": "cc.PhysicsBoxCollider",
    "_name": "",
    "_objFlags": 0,
    "node": {
      "__id__": 68
    },
    "_enabled": true,
    "tag": 0,
    "_density": 0.1,
    "_sensor": false,
    "_friction": 0.2,
    "_restitution": 0,
    "body": null,
    "_offset": {
      "__type__": "cc.Vec2",
      "x": 0,
      "y": 0
    },
    "_size": {
      "__type__": "cc.Size",
      "width": 68,
      "height": 20
    },
    "_id": "1eh/mQWklKULD7pPsD+tce"
  },
  {
    "__type__": "cc.WeldJoint",
    "_name": "",
    "_objFlags": 0,
    "node": {
      "__id__": 68
    },
    "_enabled": true,
    "anchor": {
      "__type__": "cc.Vec2",
      "x": -14.935,
      "y": 8.923
    },
    "connectedAnchor": {
      "__type__": "cc.Vec2",
      "x": -19.305,
      "y": -49.495
    },
    "connectedBody": {
      "__id__": 33
    },
    "collideConnected": false,
    "referenceAngle": 0,
    "_frequency": 8,
    "_dampingRatio": 1,
    "_id": "95oPbTKKhBB5Iac9nMja0K"
  },
  {
    "__type__": "cc.Node",
    "_name": "upperArm",
    "_objFlags": 0,
    "_parent": {
      "__id__": 20
    },
    "_children": [],
    "_active": true,
    "_components": [
      {
        "__id__": 74
      },
      {
        "__id__": 75
      },
      {
        "__id__": 76
      },
      {
        "__id__": 77
      }
    ],
    "_prefab": null,
    "_opacity": 255,
    "_color": {
      "__type__": "cc.Color",
      "r": 255,
      "g": 255,
      "b": 255,
      "a": 255
    },
    "_contentSize": {
      "__type__": "cc.Size",
      "width": 43,
      "height": 109
    },
    "_anchorPoint": {
      "__type__": "cc.Vec2",
      "x": 0.5,
      "y": 0.5
    },
    "_trs": {
      "__type__": "TypedArray",
      "ctor": "Float64Array",
      "array": [
        -9.326,
        91.39,
        0,
        0,
        0,
        0,
        1,
        1,
        1,
        1
      ]
    },
    "_eulerAngles": {
      "__type__": "cc.Vec3",
      "x": 0,
      "y": 0,
      "z": 0
    },
    "_skewX": 0,
    "_skewY": 0,
    "_is3DNode": false,
    "_groupIndex": 1,
    "groupIndex": 1,
    "_id": "6aGrkmvuNGYIYNXJHZnvs5"
  },
  {
    "__type__": "cc.Sprite",
    "_name": "",
    "_objFlags": 0,
    "node": {
      "__id__": 73
    },
    "_enabled": true,
    "_materials": [
      {
        "__uuid__": "eca5d2f2-8ef6-41c2-bbe6-f9c79d09c432"
      }
    ],
    "_srcBlendFactor": 770,
    "_dstBlendFactor": 771,
    "_spriteFrame": {
      "__uuid__": "58bf46d9-6b54-470a-a14b-9104ee7f0840"
    },
    "_type": 0,
    "_sizeMode": 1,
    "_fillType": 0,
    "_fillCenter": {
      "__type__": "cc.Vec2",
      "x": 0,
      "y": 0
    },
    "_fillStart": 0,
    "_fillRange": 0,
    "_isTrimmedMode": true,
    "_atlas": null,
    "_id": "e0kLNlc75HHaX4e7YDSXl7"
  },
  {
    "__type__": "cc.RigidBody",
    "_name": "",
    "_objFlags": 0,
    "node": {
      "__id__": 73
    },
    "_enabled": true,
    "_type": 2,
    "_allowSleep": true,
    "_gravityScale": 1,
    "_linearDamping": 0,
    "_angularDamping": 0,
    "_linearVelocity": {
      "__type__": "cc.Vec2",
      "x": 0,
      "y": 0
    },
    "_angularVelocity": 0,
    "_fixedRotation": false,
    "enabledContactListener": false,
    "bullet": false,
    "awakeOnLoad": true,
    "_id": "b3uUFfdC9I5LR2gMF9+RVO"
  },
  {
    "__type__": "cc.PhysicsPolygonCollider",
    "_name": "",
    "_objFlags": 0,
    "node": {
      "__id__": 73
    },
    "_enabled": true,
    "tag": 0,
    "_density": 0.1,
    "_sensor": false,
    "_friction": 0.2,
    "_restitution": 0,
    "body": null,
    "_offset": {
      "__type__": "cc.Vec2",
      "x": 0,
      "y": 0
    },
    "points": [
      {
        "__type__": "cc.Vec2",
        "x": -5.2,
        "y": -52.5
      },
      {
        "__type__": "cc.Vec2",
        "x": 21.4,
        "y": -50.6
      },
      {
        "__type__": "cc.Vec2",
        "x": 19.5,
        "y": 52.5
      },
      {
        "__type__": "cc.Vec2",
        "x": -21.4,
        "y": 51.2
      }
    ],
    "_id": "22TEfFaNZMcIZ2YmloZKA2"
  },
  {
    "__type__": "cc.RevoluteJoint",
    "_name": "",
    "_objFlags": 0,
    "node": {
      "__id__": 73
    },
    "_enabled": true,
    "anchor": {
      "__type__": "cc.Vec2",
      "x": 0.251,
      "y": 37.263
    },
    "connectedAnchor": {
      "__type__": "cc.Vec2",
      "x": 52.506,
      "y": 52.215
    },
    "connectedBody": {
      "__id__": 18
    },
    "collideConnected": false,
    "_maxMotorTorque": 0,
    "_motorSpeed": 0,
    "_enableLimit": false,
    "_enableMotor": false,
    "referenceAngle": 0,
    "lowerAngle": 0,
    "upperAngle": 0,
    "_id": "ca1eDxMElFS4LApRe94yEH"
  },
  {
    "__type__": "cc.Node",
    "_name": "lowerArm",
    "_objFlags": 0,
    "_parent": {
      "__id__": 20
    },
    "_children": [],
    "_active": true,
    "_components": [
      {
        "__id__": 79
      },
      {
        "__id__": 80
      },
      {
        "__id__": 81
      },
      {
        "__id__": 82
      },
      {
        "__id__": 83
      }
    ],
    "_prefab": null,
    "_opacity": 255,
    "_color": {
      "__type__": "cc.Color",
      "r": 255,
      "g": 255,
      "b": 255,
      "a": 255
    },
    "_contentSize": {
      "__type__": "cc.Size",
      "width": 93,
      "height": 43
    },
    "_anchorPoint": {
      "__type__": "cc.Vec2",
      "x": 0.5,
      "y": 0.5
    },
    "_trs": {
      "__type__": "TypedArray",
      "ctor": "Float64Array",
      "array": [
        36.383,
        58.212,
        0,
        0,
        0,
        0,
        1,
        1,
        1,
        1
      ]
    },
    "_eulerAngles": {
      "__type__": "cc.Vec3",
      "x": 0,
      "y": 0,
      "z": 0
    },
    "_skewX": 0,
    "_skewY": 0,
    "_is3DNode": false,
    "_groupIndex": 1,
    "groupIndex": 1,
    "_id": "7fWKKeU3VC77XXwAnea1mv"
  },
  {
    "__type__": "cc.Sprite",
    "_name": "",
    "_objFlags": 0,
    "node": {
      "__id__": 78
    },
    "_enabled": true,
    "_materials": [
      {
        "__uuid__": "eca5d2f2-8ef6-41c2-bbe6-f9c79d09c432"
      }
    ],
    "_srcBlendFactor": 770,
    "_dstBlendFactor": 771,
    "_spriteFrame": {
      "__uuid__": "58273bd6-28e8-4764-a64a-fb1129efdec4"
    },
    "_type": 0,
    "_sizeMode": 1,
    "_fillType": 0,
    "_fillCenter": {
      "__type__": "cc.Vec2",
      "x": 0,
      "y": 0
    },
    "_fillStart": 0,
    "_fillRange": 0,
    "_isTrimmedMode": true,
    "_atlas": null,
    "_id": "10pM37o/JEoJDPG7ANyfKd"
  },
  {
    "__type__": "cc.RigidBody",
    "_name": "",
    "_objFlags": 0,
    "node": {
      "__id__": 78
    },
    "_enabled": true,
    "_type": 2,
    "_allowSleep": true,
    "_gravityScale": 1,
    "_linearDamping": 0,
    "_angularDamping": 0,
    "_linearVelocity": {
      "__type__": "cc.Vec2",
      "x": 0,
      "y": 0
    },
    "_angularVelocity": 0,
    "_fixedRotation": false,
    "enabledContactListener": false,
    "bullet": false,
    "awakeOnLoad": true,
    "_id": "cckN5PdklAIKFz3ZH50KDJ"
  },
  {
    "__type__": "cc.PhysicsPolygonCollider",
    "_name": "",
    "_objFlags": 0,
    "node": {
      "__id__": 78
    },
    "_enabled": true,
    "tag": 0,
    "_density": 0.1,
    "_sensor": false,
    "_friction": 0.2,
    "_restitution": 0,
    "body": null,
    "_offset": {
      "__type__": "cc.Vec2",
      "x": 0,
      "y": 0
    },
    "points": [
      {
        "__type__": "cc.Vec2",
        "x": -40.9,
        "y": -22.7
      },
      {
        "__type__": "cc.Vec2",
        "x": 45.8,
        "y": 2.8
      },
      {
        "__type__": "cc.Vec2",
        "x": 39.1,
        "y": 20.3
      },
      {
        "__type__": "cc.Vec2",
        "x": -46.4,
        "y": 0.3
      }
    ],
    "_id": "4acKYz/YhFr51D6Whhfos7"
  },
  {
    "__type__": "cc.RevoluteJoint",
    "_name": "",
    "_objFlags": 0,
    "node": {
      "__id__": 78
    },
    "_enabled": true,
    "anchor": {
      "__type__": "cc.Vec2",
      "x": -35.549,
      "y": -6.882
    },
    "connectedAnchor": {
      "__type__": "cc.Vec2",
      "x": 10.16,
      "y": -40.06
    },
    "connectedBody": {
      "__id__": 75
    },
    "collideConnected": false,
    "_maxMotorTorque": 0,
    "_motorSpeed": 0,
    "_enableLimit": true,
    "_enableMotor": false,
    "referenceAngle": 0,
    "lowerAngle": -90,
    "upperAngle": 60,
    "_id": "bcGSvsAsVA5aCDiHgy1l7l"
  },
  {
    "__type__": "cc.RevoluteJoint",
    "_name": "",
    "_objFlags": 0,
    "node": {
      "__id__": 78
    },
    "_enabled": true,
    "anchor": {
      "__type__": "cc.Vec2",
      "x": 31.75,
      "y": 2.85
    },
    "connectedAnchor": {
      "__type__": "cc.Vec2",
      "x": 84.124,
      "y": 85.5821
    },
    "connectedBody": {
      "__id__": 44
    },
    "collideConnected": false,
    "_maxMotorTorque": 0,
    "_motorSpeed": 0,
    "_enableLimit": false,
    "_enableMotor": false,
    "referenceAngle": 0,
    "lowerAngle": 0,
    "upperAngle": 0,
    "_id": "fdK0riXnZK/oj+aT/3C1Dn"
  },
  {
    "__type__": "cc.Sprite",
    "_name": "",
    "_objFlags": 0,
    "node": {
      "__id__": 19
    },
    "_enabled": true,
    "_materials": [
      {
        "__uuid__": "eca5d2f2-8ef6-41c2-bbe6-f9c79d09c432"
      }
    ],
    "_srcBlendFactor": 770,
    "_dstBlendFactor": 771,
    "_spriteFrame": {
      "__uuid__": "0c3d54dc-3288-4f76-b275-a65d94a758a2"
    },
    "_type": 0,
    "_sizeMode": 1,
    "_fillType": 0,
    "_fillCenter": {
      "__type__": "cc.Vec2",
      "x": 0,
      "y": 0
    },
    "_fillStart": 0,
    "_fillRange": 0,
    "_isTrimmedMode": true,
    "_atlas": null,
    "_id": "01x0eRJDdJX55ZA8k2PFWv"
  },
  {
    "__type__": "cc.PhysicsPolygonCollider",
    "_name": "",
    "_objFlags": 0,
    "node": {
      "__id__": 19
    },
    "_enabled": true,
    "tag": 0,
    "_density": 0.1,
    "_sensor": false,
    "_friction": 0.2,
    "_restitution": 0,
    "body": null,
    "_offset": {
      "__type__": "cc.Vec2",
      "x": 0,
      "y": 0
    },
    "points": [
      {
        "__type__": "cc.Vec2",
        "x": -70.3,
        "y": -32
      },
      {
        "__type__": "cc.Vec2",
        "x": -55.6,
        "y": -67.3
      },
      {
        "__type__": "cc.Vec2",
        "x": 70.7,
        "y": 21.2
      },
      {
        "__type__": "cc.Vec2",
        "x": 41.5,
        "y": 69.7
      },
      {
        "__type__": "cc.Vec2",
        "x": -18.6,
        "y": 31.9
      },
      {
        "__type__": "cc.Vec2",
        "x": -62.7,
        "y": -11.7
      }
    ],
    "_id": "b31JX53O9LaJUBrV4KPh+Z"
  },
  {
    "__type__": "cc.WeldJoint",
    "_name": "",
    "_objFlags": 0,
    "node": {
      "__id__": 19
    },
    "_enabled": true,
    "anchor": {
      "__type__": "cc.Vec2",
      "x": 63.7901,
      "y": -99.358
    },
    "connectedAnchor": {
      "__type__": "cc.Vec2",
      "x": 18.2,
      "y": 1.6
    },
    "connectedBody": {
      "__id__": 44
    },
    "collideConnected": false,
    "referenceAngle": 0,
    "_frequency": 6,
    "_dampingRatio": 1,
    "_id": "bczHlcPHxH2oDcWfMwmr13"
  },
  {
    "__type__": "cc.Node",
    "_name": "lowerLeg0",
    "_objFlags": 0,
    "_parent": {
      "__id__": 12
    },
    "_children": [],
    "_active": true,
    "_components": [
      {
        "__id__": 88
      },
      {
        "__id__": 89
      },
      {
        "__id__": 90
      },
      {
        "__id__": 91
      },
      {
        "__id__": 92
      }
    ],
    "_prefab": null,
    "_opacity": 255,
    "_color": {
      "__type__": "cc.Color",
      "r": 255,
      "g": 255,
      "b": 255,
      "a": 255
    },
    "_contentSize": {
      "__type__": "cc.Size",
      "width": 63,
      "height": 110
    },
    "_anchorPoint": {
      "__type__": "cc.Vec2",
      "x": 0.5,
      "y": 0.5
    },
    "_trs": {
      "__type__": "TypedArray",
      "ctor": "Float64Array",
      "array": [
        -27.153,
        -54.751,
        0,
        0,
        0,
        0,
        1,
        1,
        1,
        1
      ]
    },
    "_eulerAngles": {
      "__type__": "cc.Vec3",
      "x": 0,
      "y": 0,
      "z": 0
    },
    "_skewX": 0,
    "_skewY": 0,
    "_is3DNode": false,
    "_groupIndex": 1,
    "groupIndex": 1,
    "_id": "2dz8gXWEJFuoacONZXITsc"
  },
  {
    "__type__": "cc.Sprite",
    "_name": "",
    "_objFlags": 0,
    "node": {
      "__id__": 87
    },
    "_enabled": true,
    "_materials": [
      {
        "__uuid__": "eca5d2f2-8ef6-41c2-bbe6-f9c79d09c432"
      }
    ],
    "_srcBlendFactor": 770,
    "_dstBlendFactor": 771,
    "_spriteFrame": {
      "__uuid__": "3a30104a-adf1-402d-acf7-d93c4c552974"
    },
    "_type": 0,
    "_sizeMode": 1,
    "_fillType": 0,
    "_fillCenter": {
      "__type__": "cc.Vec2",
      "x": 0,
      "y": 0
    },
    "_fillStart": 0,
    "_fillRange": 0,
    "_isTrimmedMode": true,
    "_atlas": null,
    "_id": "94639OQr9F/53mCkae/Jh7"
  },
  {
    "__type__": "cc.RigidBody",
    "_name": "",
    "_objFlags": 0,
    "node": {
      "__id__": 87
    },
    "_enabled": true,
    "_type": 2,
    "_allowSleep": true,
    "_gravityScale": 1,
    "_linearDamping": 0,
    "_angularDamping": 0,
    "_linearVelocity": {
      "__type__": "cc.Vec2",
      "x": 0,
      "y": 0
    },
    "_angularVelocity": 0,
    "_fixedRotation": false,
    "enabledContactListener": false,
    "bullet": false,
    "awakeOnLoad": true,
    "_id": "d7Y1kDiltA5aU56gCXHPxd"
  },
  {
    "__type__": "cc.RevoluteJoint",
    "_name": "",
    "_objFlags": 0,
    "node": {
      "__id__": 87
    },
    "_enabled": true,
    "anchor": {
      "__type__": "cc.Vec2",
      "x": 14.8,
      "y": 35.9
    },
    "connectedAnchor": {
      "__type__": "cc.Vec2",
      "x": 48.855,
      "y": -32.452
    },
    "connectedBody": {
      "__id__": 15
    },
    "collideConnected": false,
    "_maxMotorTorque": 0,
    "_motorSpeed": 0,
    "_enableLimit": true,
    "_enableMotor": false,
    "referenceAngle": 0,
    "lowerAngle": -60,
    "upperAngle": 70,
    "_id": "67LSF9gzVHrokVNvtnZOj3"
  },
  {
    "__type__": "cc.PhysicsPolygonCollider",
    "_name": "",
    "_objFlags": 0,
    "node": {
      "__id__": 87
    },
    "_enabled": true,
    "tag": 0,
    "_density": 0.1,
    "_sensor": false,
    "_friction": 0.2,
    "_restitution": 0,
    "body": null,
    "_offset": {
      "__type__": "cc.Vec2",
      "x": 0,
      "y": 0
    },
    "points": [
      {
        "__type__": "cc.Vec2",
        "x": -31.6,
        "y": -46.8
      },
      {
        "__type__": "cc.Vec2",
        "x": -12.6,
        "y": -53.2
      },
      {
        "__type__": "cc.Vec2",
        "x": 31.9,
        "y": 42.3
      },
      {
        "__type__": "cc.Vec2",
        "x": 0.7,
        "y": 53.5
      }
    ],
    "_id": "7b4s73IhdP2b+SuapaiTM5"
  },
  {
    "__type__": "cc.RevoluteJoint",
    "_name": "",
    "_objFlags": 0,
    "node": {
      "__id__": 87
    },
    "_enabled": true,
    "anchor": {
      "__type__": "cc.Vec2",
      "x": -13.5,
      "y": -61.1
    },
    "connectedAnchor": {
      "__type__": "cc.Vec2",
      "x": 0,
      "y": 25
    },
    "connectedBody": {
      "__id__": 37
    },
    "collideConnected": false,
    "_maxMotorTorque": 0,
    "_motorSpeed": 0,
    "_enableLimit": false,
    "_enableMotor": false,
    "referenceAngle": 0,
    "lowerAngle": 0,
    "upperAngle": 0,
    "_id": "4exlm1PyhES7C5+NjTAi9f"
  },
  {
    "__type__": "cc.Node",
    "_name": "foot0",
    "_objFlags": 0,
    "_parent": {
      "__id__": 12
    },
    "_children": [],
    "_active": true,
    "_components": [
      {
        "__id__": 94
      },
      {
        "__id__": 95
      },
      {
        "__id__": 96
      },
      {
        "__id__": 97
      }
    ],
    "_prefab": null,
    "_opacity": 255,
    "_color": {
      "__type__": "cc.Color",
      "r": 255,
      "g": 255,
      "b": 255,
      "a": 255
    },
    "_contentSize": {
      "__type__": "cc.Size",
      "width": 68,
      "height": 38
    },
    "_anchorPoint": {
      "__type__": "cc.Vec2",
      "x": 0.5,
      "y": 0.5
    },
    "_trs": {
      "__type__": "TypedArray",
      "ctor": "Float64Array",
      "array": [
        -31.523,
        -113.169,
        0,
        0,
        0,
        0,
        1,
        1,
        1,
        1
      ]
    },
    "_eulerAngles": {
      "__type__": "cc.Vec3",
      "x": 0,
      "y": 0,
      "z": 0
    },
    "_skewX": 0,
    "_skewY": 0,
    "_is3DNode": false,
    "_groupIndex": 1,
    "groupIndex": 1,
    "_id": "f9ET96r/tI0K+76N+JooAV"
  },
  {
    "__type__": "cc.Sprite",
    "_name": "",
    "_objFlags": 0,
    "node": {
      "__id__": 93
    },
    "_enabled": true,
    "_materials": [
      {
        "__uuid__": "eca5d2f2-8ef6-41c2-bbe6-f9c79d09c432"
      }
    ],
    "_srcBlendFactor": 770,
    "_dstBlendFactor": 771,
    "_spriteFrame": {
      "__uuid__": "bcd2f780-dcab-4531-9081-ac4f2bdcc2f0"
    },
    "_type": 0,
    "_sizeMode": 1,
    "_fillType": 0,
    "_fillCenter": {
      "__type__": "cc.Vec2",
      "x": 0,
      "y": 0
    },
    "_fillStart": 0,
    "_fillRange": 0,
    "_isTrimmedMode": true,
    "_atlas": null,
    "_id": "bfgD+3Z31Cv5CBMXvckb6Y"
  },
  {
    "__type__": "cc.RigidBody",
    "_name": "",
    "_objFlags": 0,
    "node": {
      "__id__": 93
    },
    "_enabled": true,
    "_type": 2,
    "_allowSleep": true,
    "_gravityScale": 1,
    "_linearDamping": 0,
    "_angularDamping": 0,
    "_linearVelocity": {
      "__type__": "cc.Vec2",
      "x": 0,
      "y": 0
    },
    "_angularVelocity": 0,
    "_fixedRotation": false,
    "enabledContactListener": false,
    "bullet": false,
    "awakeOnLoad": true,
    "_id": "97trpfBk1E1ZVRUpPPk/PX"
  },
  {
    "__type__": "cc.PhysicsBoxCollider",
    "_name": "",
    "_objFlags": 0,
    "node": {
      "__id__": 93
    },
    "_enabled": true,
    "tag": 0,
    "_density": 0.1,
    "_sensor": false,
    "_friction": 0.2,
    "_restitution": 0,
    "body": null,
    "_offset": {
      "__type__": "cc.Vec2",
      "x": 0,
      "y": 0
    },
    "_size": {
      "__type__": "cc.Size",
      "width": 68,
      "height": 20
    },
    "_id": "9dU2FRjPhPL6ENw+3/dGvl"
  },
  {
    "__type__": "cc.WeldJoint",
    "_name": "",
    "_objFlags": 0,
    "node": {
      "__id__": 93
    },
    "_enabled": true,
    "anchor": {
      "__type__": "cc.Vec2",
      "x": -14.935,
      "y": 8.923
    },
    "connectedAnchor": {
      "__type__": "cc.Vec2",
      "x": -19.305,
      "y": -49.495
    },
    "connectedBody": {
      "__id__": 89
    },
    "collideConnected": false,
    "referenceAngle": 0,
    "_frequency": 8,
    "_dampingRatio": 1,
    "_id": "fdM5EsultBfJ0hW8ddrjX6"
  },
  {
    "__type__": "cc.Node",
    "_name": "mouse",
    "_objFlags": 0,
    "_parent": {
      "__id__": 2
    },
    "_children": [],
    "_active": true,
    "_components": [
      {
        "__id__": 99
      },
      {
        "__id__": 100
      }
    ],
    "_prefab": null,
    "_opacity": 255,
    "_color": {
      "__type__": "cc.Color",
      "r": 255,
      "g": 255,
      "b": 255,
      "a": 255
    },
    "_contentSize": {
      "__type__": "cc.Size",
      "width": 0,
      "height": 0
    },
    "_anchorPoint": {
      "__type__": "cc.Vec2",
      "x": 0.5,
      "y": 0.5
    },
    "_trs": {
      "__type__": "TypedArray",
      "ctor": "Float64Array",
      "array": [
        0,
        0,
        0,
        0,
        0,
        0,
        1,
        1,
        1,
        1
      ]
    },
    "_eulerAngles": {
      "__type__": "cc.Vec3",
      "x": 0,
      "y": 0,
      "z": 0
    },
    "_skewX": 0,
    "_skewY": 0,
    "_is3DNode": false,
    "_groupIndex": 0,
    "groupIndex": 0,
    "_id": "7aBX/k2EtC3Iop/RTgB/u+"
  },
  {
    "__type__": "cc.RigidBody",
    "_name": "",
    "_objFlags": 0,
    "node": {
      "__id__": 98
    },
    "_enabled": true,
    "_type": 2,
    "_allowSleep": true,
    "_gravityScale": 1,
    "_linearDamping": 0,
    "_angularDamping": 0,
    "_linearVelocity": {
      "__type__": "cc.Vec2",
      "x": 0,
      "y": 0
    },
    "_angularVelocity": 0,
    "_fixedRotation": false,
    "enabledContactListener": false,
    "bullet": false,
    "awakeOnLoad": true,
    "_id": "6fHAJb989NBpNTEulorYvz"
  },
  {
    "__type__": "cc.MouseJoint",
    "_name": "",
    "_objFlags": 0,
    "node": {
      "__id__": 98
    },
    "_enabled": true,
    "anchor": {
      "__type__": "cc.Vec2",
      "x": 0,
      "y": 0
    },
    "connectedAnchor": {
      "__type__": "cc.Vec2",
      "x": 0,
      "y": 0
    },
    "connectedBody": null,
    "collideConnected": true,
    "_target": 1,
    "_frequency": 5,
    "_dampingRatio": 0.7,
    "_maxForce": 0,
    "mouseRegion": {
      "__id__": 2
    },
    "_id": "ebZrRqeUpKPJyGPMdSacnf"
  },
  {
    "__type__": "cc.Canvas",
    "_name": "",
    "_objFlags": 0,
    "node": {
      "__id__": 2
    },
    "_enabled": true,
    "_designResolution": {
      "__type__": "cc.Size",
      "width": 1334,
      "height": 750
    },
    "_fitWidth": false,
    "_fitHeight": true,
    "_id": "62ViudeL1HH6+iK6U6KUwR"
  },
  {
    "__type__": "cc.Widget",
    "_name": "",
    "_objFlags": 0,
    "node": {
      "__id__": 2
    },
    "_enabled": true,
    "alignMode": 1,
    "_target": null,
    "_alignFlags": 45,
    "_left": 0,
    "_right": 0,
    "_top": 0,
    "_bottom": 0,
    "_verticalCenter": 0,
    "_horizontalCenter": 0,
    "_isAbsLeft": true,
    "_isAbsRight": true,
    "_isAbsTop": true,
    "_isAbsBottom": true,
    "_isAbsHorizontalCenter": true,
    "_isAbsVerticalCenter": true,
    "_originalWidth": 0,
    "_originalHeight": 0,
    "_id": "13fgHJaMlD45AiruLzEgR7"
  },
  {
    "__type__": "c90c0Wr/ANAY7RnhUPT6Z8X",
    "_name": "",
    "_objFlags": 0,
    "node": {
      "__id__": 2
    },
    "_enabled": true,
    "body": null,
    "_id": "94Z789IJFEWY8+UYygDZAl"
  }
]