{
  "9836134e-b892-4283-b6b2-78b5acf3ed45": {
    "asset": 1581758922000,
    "meta": 1581758922000,
    "relativePath": "effects"
  },
  "f8e6b000-5643-4b86-9080-aa680ce1f599": {
    "asset": 1581758922000,
    "meta": 1581758922000,
    "relativePath": "image"
  },
  "5c3eedba-6c41-4c0c-9ba7-d91f813cbd1c": {
    "asset": 1581758922000,
    "meta": 1581758922000,
    "relativePath": "materials"
  },
  "fc09f9bd-2cce-4605-b630-8145ef809ed6": {
    "asset": 1581758922000,
    "meta": 1581758922000,
    "relativePath": "misc"
  },
  "db019bf7-f71c-4111-98cf-918ea180cb48": {
    "asset": 1584357058047,
    "meta": 1581758922000,
    "relativePath": "model"
  },
  "e39e96e6-6f6e-413f-bcf1-ac7679bb648a": {
    "asset": 1581758922000,
    "meta": 1581758922000,
    "relativePath": "model/prefab"
  },
  "f6e6dd15-71d1-4ffe-ace7-24fd39942c05": {
    "asset": 1581758922000,
    "meta": 1581758922000,
    "relativePath": "obsolete"
  },
  "f743d2b6-b7ea-4c14-a55b-547ed4d0a045": {
    "asset": 1581758922000,
    "meta": 1581758922000,
    "relativePath": "particle"
  },
  "ae6c6c98-11e4-452f-8758-75f5c6a56e83": {
    "asset": 1581758922000,
    "meta": 1581758922000,
    "relativePath": "prefab"
  },
  "a3ee0214-b432-4865-9666-4a3211814282": {
    "asset": 1581758922000,
    "meta": 1581758922000,
    "relativePath": "prefab/light"
  },
  "d8afc78c-4eac-4a9f-83dd-67bc70344d33": {
    "asset": 1581758922000,
    "meta": 1581758922000,
    "relativePath": "resources"
  },
  "294c1663-4adf-4a1e-a795-53808011a38a": {
    "asset": 1581758922000,
    "meta": 1581758922000,
    "relativePath": "resources/effects"
  },
  "bbee2217-c261-49bd-a8ce-708d6bcc3500": {
    "asset": 1584357084443,
    "meta": 1581758922000,
    "relativePath": "resources/materials"
  },
  "609547b7-80b1-45f1-ba1c-de232210ca79": {
    "asset": 1601811864322,
    "meta": 1601808274917,
    "relativePath": "Image"
  },
  "1411fb55-40dd-4fa5-ac10-2ad9a13ee60b": {
    "asset": 1601808399331,
    "meta": 1601808279872,
    "relativePath": "Scene"
  },
  "c721a675-4db2-4238-9e7b-157891d19c72": {
    "asset": 1601808320344,
    "meta": 1601808283967,
    "relativePath": "Script"
  },
  "a2bd6691-ef3e-4d94-a122-c018ee65e804": {
    "asset": 1603009243921,
    "meta": 1603009243927,
    "relativePath": "Scene/Step1.fire"
  },
  "3afe842a-20e1-4672-a8f6-f737401b6bd6": {
    "asset": 1577555987626,
    "meta": 1601809194014,
    "relativePath": "Image/wheel.png"
  },
  "cbd89b52-1c49-44fa-a07c-403a60d016bc": {
    "asset": 1593758575712,
    "meta": 1601808734202,
    "relativePath": "Image/bike.png"
  },
  "d360d02c-3947-4c57-a4ac-0e9faea7cf62": {
    "asset": 1577545802683,
    "meta": 1601808734205,
    "relativePath": "Image/body.png"
  },
  "a53dabfb-cf1b-4c59-a87e-4a750b23c06a": {
    "asset": 1577462594151,
    "meta": 1601808734211,
    "relativePath": "Image/foot.png"
  },
  "3266a7cc-8ba0-45c8-9680-e0bab9df3eb4": {
    "asset": 1577555946244,
    "meta": 1601808734216,
    "relativePath": "Image/frame.png"
  },
  "8ce19e17-62e7-4fe2-b6a7-da7db7178aec": {
    "asset": 1577442838581,
    "meta": 1601808734218,
    "relativePath": "Image/head.png"
  },
  "da00d45e-0b41-4d4e-ac0b-ba06aad1a31b": {
    "asset": 1577677521517,
    "meta": 1601808734225,
    "relativePath": "Image/lowerArm.png"
  },
  "be510b58-f617-4200-81f3-20f9af56a597": {
    "asset": 1577443004353,
    "meta": 1601808734228,
    "relativePath": "Image/lowerLeg.png"
  },
  "2ee0dceb-e9a8-4e62-925f-6bce5c86cbca": {
    "asset": 1577550518535,
    "meta": 1601808734238,
    "relativePath": "Image/pedal.png"
  },
  "64c43cd5-9885-407d-b2fc-70e721ea0d7e": {
    "asset": 1601808724206,
    "meta": 1601808734240,
    "relativePath": "Image/susp.png"
  },
  "7e8a10a0-2b72-45de-8393-223ee824a838": {
    "asset": 1577545748955,
    "meta": 1601808734250,
    "relativePath": "Image/upperArm.png"
  },
  "eaa4aa5b-f0c6-4454-8062-f9cab8ed7b29": {
    "asset": 1577545754641,
    "meta": 1601808734251,
    "relativePath": "Image/upperLeg.png"
  },
  "ede6e8a3-b017-49e8-9293-b99ea95afe53": {
    "asset": 1603010165639,
    "meta": 1603010165646,
    "relativePath": "Scene/Step2.fire"
  },
  "72083314-bd9e-4096-bef5-bcb63d69b664": {
    "asset": 1603010460350,
    "meta": 1603010460359,
    "relativePath": "Scene/Step3.fire"
  },
  "0dc824e6-55eb-4962-aeeb-bd2018028381": {
    "asset": 1603010770053,
    "meta": 1603010770057,
    "relativePath": "Scene/Step4.fire"
  },
  "1149ce86-f6a3-4ec6-bceb-8c90727e0da0": {
    "asset": 1603010798105,
    "meta": 1603010798109,
    "relativePath": "Scene/Step5.fire"
  },
  "c90c05ab-fc03-4063-b467-8543d3e99f17": {
    "asset": 1603009278513,
    "meta": 1603009286438,
    "relativePath": "Script/Main.js"
  },
  "430eccbf-bf2c-4e6e-8c0c-884bbb487f32": {
    "asset": 1581758922000,
    "meta": 1603011602712,
    "relativePath": "effects/__builtin-editor-gizmo-line.effect"
  },
  "6c5cf6e1-b044-4eac-9431-835644d57381": {
    "asset": 1581758922000,
    "meta": 1603011602721,
    "relativePath": "effects/__builtin-editor-gizmo-unlit.effect"
  },
  "115286d1-2e10-49ee-aab4-341583f607e8": {
    "asset": 1581758922000,
    "meta": 1603011602745,
    "relativePath": "effects/__builtin-editor-gizmo.effect"
  },
  "abc2cb62-7852-4525-a90d-d474487b88f2": {
    "asset": 1581758922000,
    "meta": 1603011602806,
    "relativePath": "effects/builtin-phong.effect"
  },
  "e2f00085-c597-422d-9759-52c360279106": {
    "asset": 1581758922000,
    "meta": 1603011602858,
    "relativePath": "effects/builtin-toon.effect"
  },
  "71561142-4c83-4933-afca-cb7a17f67053": {
    "asset": 1581758922000,
    "meta": 1603011602887,
    "relativePath": "image/default_btn_disabled.png"
  },
  "e851e89b-faa2-4484-bea6-5c01dd9f06e2": {
    "asset": 1581758922000,
    "meta": 1603011602889,
    "relativePath": "image/default_btn_normal.png"
  },
  "edd215b9-2796-4a05-aaf5-81f96c9281ce": {
    "asset": 1581758922000,
    "meta": 1603011602909,
    "relativePath": "image/default_editbox_bg.png"
  },
  "b43ff3c2-02bb-4874-81f7-f2dea6970f18": {
    "asset": 1581758922000,
    "meta": 1603011602910,
    "relativePath": "image/default_btn_pressed.png"
  },
  "99170b0b-d210-46f1-b213-7d9e3f23098a": {
    "asset": 1581758922000,
    "meta": 1603011602929,
    "relativePath": "image/default_progressbar_bg.png"
  },
  "d81ec8ad-247c-4e62-aa3c-d35c4193c7af": {
    "asset": 1581758922000,
    "meta": 1603011602930,
    "relativePath": "image/default_panel.png"
  },
  "cfef78f1-c8df-49b7-8ed0-4c953ace2621": {
    "asset": 1581758922000,
    "meta": 1603011602939,
    "relativePath": "image/default_progressbar.png"
  },
  "567dcd80-8bf4-4535-8a5a-313f1caf078a": {
    "asset": 1581758922000,
    "meta": 1603011602941,
    "relativePath": "image/default_radio_button_off.png"
  },
  "9d60001f-b5f4-4726-a629-2659e3ded0b8": {
    "asset": 1581758922000,
    "meta": 1603011602951,
    "relativePath": "image/default_radio_button_on.png"
  },
  "4bab67cb-18e6-4099-b840-355f0473f890": {
    "asset": 1581758922000,
    "meta": 1603011602952,
    "relativePath": "image/default_scrollbar_bg.png"
  },
  "617323dd-11f4-4dd3-8eec-0caf6b3b45b9": {
    "asset": 1581758922000,
    "meta": 1603011602962,
    "relativePath": "image/default_scrollbar_vertical_bg.png"
  },
  "d6d3ca85-4681-47c1-b5dd-d036a9d39ea2": {
    "asset": 1581758922000,
    "meta": 1603011602963,
    "relativePath": "image/default_scrollbar_vertical.png"
  },
  "0275e94c-56a7-410f-bd1a-fc7483f7d14a": {
    "asset": 1581758922000,
    "meta": 1603011602971,
    "relativePath": "image/default_sprite_splash.png"
  },
  "0291c134-b3da-4098-b7b5-e397edbe947f": {
    "asset": 1581758922000,
    "meta": 1603011602972,
    "relativePath": "image/default_scrollbar.png"
  },
  "73a0903d-d80e-4e3c-aa67-f999543c08f5": {
    "asset": 1581758922000,
    "meta": 1603011602985,
    "relativePath": "image/default_toggle_checkmark.png"
  },
  "6e056173-d285-473c-b206-40a7fff5386e": {
    "asset": 1581758922000,
    "meta": 1603011602986,
    "relativePath": "image/default_sprite.png"
  },
  "d29077ba-1627-4a72-9579-7b56a235340c": {
    "asset": 1581758922000,
    "meta": 1603011603001,
    "relativePath": "image/default_toggle_normal.png"
  },
  "c25b9d50-c8fc-4d27-beeb-6e7c1f2e5c0f": {
    "asset": 1581758922000,
    "meta": 1603011603001,
    "relativePath": "image/default_toggle_disabled.png"
  },
  "b181c1e4-0a72-4a91-bfb0-ae6f36ca60bd": {
    "asset": 1581758922000,
    "meta": 1603011603011,
    "relativePath": "image/default_toggle_pressed.png"
  },
  "c4480a0a-6ac5-443f-8b40-361a14257fc8": {
    "asset": 1582511048694,
    "meta": 1603011603407,
    "relativePath": "materials/builtin-phong.mtl"
  },
  "2be36297-9abb-4fee-8049-9ed5e271da8a": {
    "asset": 1581758922000,
    "meta": 1603011603016,
    "relativePath": "misc/default_video.mp4"
  },
  "a87cc147-01b2-43f8-8e42-a7ca90b0c757": {
    "asset": 1581758922000,
    "meta": 1603011603018,
    "relativePath": "model/prefab/box.prefab"
  },
  "fe1417b6-fe6b-46a4-ae7c-9fd331f33a2a": {
    "asset": 1581758922000,
    "meta": 1603011603019,
    "relativePath": "model/prefab/capsule.prefab"
  },
  "b5fc2cf2-7942-483d-be1f-bbeadc4714ad": {
    "asset": 1581758922000,
    "meta": 1603011603022,
    "relativePath": "model/prefab/cone.prefab"
  },
  "1c5e4038-953a-44c2-b620-0bbfc6170477": {
    "asset": 1581758922000,
    "meta": 1603011603024,
    "relativePath": "model/prefab/cylinder.prefab"
  },
  "3f376125-a699-40ca-ad05-04d662eaa1f2": {
    "asset": 1581758922000,
    "meta": 1603011603025,
    "relativePath": "model/prefab/plane.prefab"
  },
  "600301aa-3357-4a10-b086-84f011fa32ba": {
    "asset": 1581758922000,
    "meta": 1603011603026,
    "relativePath": "image/default-particle.png"
  },
  "6c9ef10d-b479-420b-bfe6-39cdda6a8ae0": {
    "asset": 1581758922000,
    "meta": 1603011603028,
    "relativePath": "model/prefab/quad.prefab"
  },
  "2d9a4b85-b0ab-4c46-84c5-18f393ab2058": {
    "asset": 1581758922000,
    "meta": 1603011603030,
    "relativePath": "model/prefab/sphere.prefab"
  },
  "de510076-056b-484f-b94c-83bef217d0e1": {
    "asset": 1581758922000,
    "meta": 1603011603044,
    "relativePath": "model/prefab/torus.prefab"
  },
  "8a96b965-2dc0-4e03-aa90-3b79cb93b5b4": {
    "asset": 1581758922000,
    "meta": 1603011603059,
    "relativePath": "obsolete/atom.png"
  },
  "b8223619-7e38-47c4-841f-9160c232495a": {
    "asset": 1581758922000,
    "meta": 1603011603416,
    "relativePath": "obsolete/atom.plist"
  },
  "d0a82d39-bede-46c4-b698-c81ff0dedfff": {
    "asset": 1581758922000,
    "meta": 1603011603071,
    "relativePath": "particle/atom.png"
  },
  "897ef7a1-4860-4f64-968d-f5924b18668a": {
    "asset": 1581758922000,
    "meta": 1603011603073,
    "relativePath": "prefab/2d-camera.prefab"
  },
  "b2687ac4-099e-403c-a192-ff477686f4f5": {
    "asset": 1581758922000,
    "meta": 1603011603416,
    "relativePath": "particle/atom.plist"
  },
  "70d7cdb0-04cd-41bb-9480-c06a4785f386": {
    "asset": 1581758922000,
    "meta": 1603011603075,
    "relativePath": "prefab/3d-camera.prefab"
  },
  "ed88f13d-fcad-4848-aa35-65a2cb973584": {
    "asset": 1581758922000,
    "meta": 1603011603078,
    "relativePath": "prefab/3d-stage.prefab"
  },
  "972b9a4d-47ee-4c74-b5c3-61d8a69bc29f": {
    "asset": 1581758922000,
    "meta": 1603011603081,
    "relativePath": "prefab/button.prefab"
  },
  "2c937608-2562-40ea-b264-7395df6f0cea": {
    "asset": 1581758922000,
    "meta": 1603011603083,
    "relativePath": "prefab/canvas.prefab"
  },
  "61aeb05b-3b32-452b-8eed-2b76deeed554": {
    "asset": 1581758922000,
    "meta": 1603011603086,
    "relativePath": "prefab/editbox.prefab"
  },
  "27756ebb-3d33-44b0-9b96-e858fadd4dd4": {
    "asset": 1581758922000,
    "meta": 1603011603087,
    "relativePath": "prefab/label.prefab"
  },
  "785a442c-3ceb-45be-a46e-7317f625f3b9": {
    "asset": 1581758922000,
    "meta": 1603011603090,
    "relativePath": "prefab/layout.prefab"
  },
  "61906da3-7003-4bda-9abc-5769c76faee4": {
    "asset": 1581758922000,
    "meta": 1603011603092,
    "relativePath": "prefab/light/ambient.prefab"
  },
  "ddb99b39-7004-47cd-9705-751905c43c46": {
    "asset": 1581758922000,
    "meta": 1603011603094,
    "relativePath": "prefab/light/directional.prefab"
  },
  "0cf30284-9073-46bc-9eba-e62b69dbbff3": {
    "asset": 1581758922000,
    "meta": 1603011603095,
    "relativePath": "prefab/light/point.prefab"
  },
  "f5331fd2-bf42-4ee3-a3fd-3e1657600eff": {
    "asset": 1581758922000,
    "meta": 1603011603097,
    "relativePath": "prefab/light/spot.prefab"
  },
  "ca8401fe-ad6e-41a8-bd46-8e3e4e9945be": {
    "asset": 1581758922000,
    "meta": 1603011603099,
    "relativePath": "prefab/pageview.prefab"
  },
  "cd33edea-55f5-46c2-958d-357a01384a36": {
    "asset": 1581758922000,
    "meta": 1603011603101,
    "relativePath": "prefab/particlesystem.prefab"
  },
  "5965ffac-69da-4b55-bcde-9225d0613c28": {
    "asset": 1581758922000,
    "meta": 1603011603102,
    "relativePath": "prefab/progressBar.prefab"
  },
  "4a37dd57-78cd-4cec-aad4-f11a73d12b63": {
    "asset": 1581758922000,
    "meta": 1603011603104,
    "relativePath": "prefab/richtext.prefab"
  },
  "32044bd2-481f-4cf1-a656-e2b2fb1594eb": {
    "asset": 1581758922000,
    "meta": 1603011603107,
    "relativePath": "prefab/scrollview.prefab"
  },
  "0004d1cf-a0ad-47d8-ab17-34d3db9d35a3": {
    "asset": 1581758922000,
    "meta": 1603011603109,
    "relativePath": "prefab/slider.prefab"
  },
  "1f55e3be-b89b-4b79-88de-47fd31018044": {
    "asset": 1581758922000,
    "meta": 1603011603110,
    "relativePath": "prefab/sprite_splash.prefab"
  },
  "96083d03-c332-4a3f-9386-d03e2d19e8ee": {
    "asset": 1581758922000,
    "meta": 1603011603112,
    "relativePath": "prefab/sprite.prefab"
  },
  "7de03a80-4457-438d-95a7-3e7cdffd6086": {
    "asset": 1581758922000,
    "meta": 1603011603113,
    "relativePath": "prefab/tiledmap.prefab"
  },
  "0e42ba95-1fa1-46aa-b2cf-143cd1bcee2c": {
    "asset": 1581758922000,
    "meta": 1603011603115,
    "relativePath": "prefab/tiledtile.prefab"
  },
  "0d784963-d024-4ea6-a7db-03be0ad63010": {
    "asset": 1581758922000,
    "meta": 1603011603117,
    "relativePath": "prefab/toggle.prefab"
  },
  "bf0a434c-84dd-4a8e-a08a-7a36f180cc75": {
    "asset": 1581758922000,
    "meta": 1603011603119,
    "relativePath": "prefab/toggleContainer.prefab"
  },
  "d1b8be49-b0a0-435c-83b7-552bed4bbe35": {
    "asset": 1581758922000,
    "meta": 1603011603121,
    "relativePath": "prefab/toggleGroup.prefab"
  },
  "232d2782-c4bd-4bb4-9e01-909f03d6d3b9": {
    "asset": 1581758922000,
    "meta": 1603011603123,
    "relativePath": "prefab/videoplayer.prefab"
  },
  "8c5001fd-07ee-4a4b-a8a0-63e15195e94d": {
    "asset": 1581758922000,
    "meta": 1603011603125,
    "relativePath": "prefab/webview.prefab"
  },
  "144c3297-af63-49e8-b8ef-1cfa29b3be28": {
    "asset": 1581758922000,
    "meta": 1603011603136,
    "relativePath": "resources/effects/builtin-2d-gray-sprite.effect"
  },
  "0e93aeaa-0b53-4e40-b8e0-6268b4e07bd7": {
    "asset": 1581758922000,
    "meta": 1603011603146,
    "relativePath": "resources/effects/builtin-2d-spine.effect"
  },
  "2874f8dd-416c-4440-81b7-555975426e93": {
    "asset": 1581758922000,
    "meta": 1603011603156,
    "relativePath": "resources/effects/builtin-2d-sprite.effect"
  },
  "829a282c-b049-4019-bd38-5ace8d8a6417": {
    "asset": 1581758922000,
    "meta": 1603011603278,
    "relativePath": "resources/effects/builtin-3d-particle.effect"
  },
  "2a7c0036-e0b3-4fe1-8998-89a54b8a2bec": {
    "asset": 1581758922000,
    "meta": 1603011603310,
    "relativePath": "resources/effects/builtin-3d-trail.effect"
  },
  "c0040c95-c57f-49cd-9cbc-12316b73d0d4": {
    "asset": 1581758922000,
    "meta": 1603011603319,
    "relativePath": "resources/effects/builtin-clear-stencil.effect"
  },
  "6d91e591-4ce0-465c-809f-610ec95019c6": {
    "asset": 1581758922000,
    "meta": 1603011603336,
    "relativePath": "resources/effects/builtin-unlit.effect"
  },
  "6f801092-0c37-4f30-89ef-c8d960825b36": {
    "asset": 1582511048711,
    "meta": 1603011603421,
    "relativePath": "resources/materials/builtin-2d-base.mtl"
  },
  "3a7bb79f-32fd-422e-ada2-96f518fed422": {
    "asset": 1582511048727,
    "meta": 1603011603422,
    "relativePath": "resources/materials/builtin-2d-gray-sprite.mtl"
  },
  "7afd064b-113f-480e-b793-8817d19f63c3": {
    "asset": 1582511048728,
    "meta": 1603011603422,
    "relativePath": "resources/materials/builtin-2d-spine.mtl"
  },
  "eca5d2f2-8ef6-41c2-bbe6-f9c79d09c432": {
    "asset": 1582511048729,
    "meta": 1603011603423,
    "relativePath": "resources/materials/builtin-2d-sprite.mtl"
  },
  "432fa09c-cf03-4cff-a186-982604408a07": {
    "asset": 1581758922000,
    "meta": 1603011603424,
    "relativePath": "resources/materials/builtin-3d-particle.mtl"
  },
  "466d4f9b-e5f4-4ea8-85d5-3c6e9a65658a": {
    "asset": 1581758922000,
    "meta": 1603011603424,
    "relativePath": "resources/materials/builtin-3d-trail.mtl"
  },
  "cf7e0bb8-a81c-44a9-ad79-d28d43991032": {
    "asset": 1582511048731,
    "meta": 1603011603424,
    "relativePath": "resources/materials/builtin-clear-stencil.mtl"
  },
  "2a296057-247c-4a1c-bbeb-0548b6c98650": {
    "asset": 1582511048732,
    "meta": 1603011603425,
    "relativePath": "resources/materials/builtin-unlit.mtl"
  },
  "20ce54d6-f3a1-48ba-a7a3-dd2621085780": {
    "asset": 1584357080765,
    "meta": 1603011603425,
    "relativePath": "resources/materials/scene.mtl"
  },
  "954fec8b-cd16-4bb9-a3b7-7719660e7558": {
    "asset": 1581758922000,
    "meta": 1603011603439,
    "relativePath": "model/primitives.fbx"
  }
}